code	strain	ncbiid
Subdoligranulum_0	Subdoligranulum variabile DSM 15176	411471
Leeuwenhoekiella_0	Leeuwenhoekiella blandensis MED217	398720
Caminibacter_0	Caminibacter mediatlanticus TB-2	391592
Oribacterium_1	Oribacterium sinus F0268	585501
Oribacterium_0	Oribacterium sp. oral taxon 108 str. F0425	904296
Oribacterium_2	Oribacterium sp. oral taxon 078 str. F0262	608534
Morganella_0	Morganella morganii subsp. morganii KT	1124991
Leifsonia_0	Leifsonia xyli subsp. xyli str. CTCB07	281090
Hungatella_1	Clostridium hathewayi WAL-18680	742737
Neisseria_3	Neisseria cinerea ATCC 14685	546262
Neisseria_2	Neisseria meningitidis MC58	122586
Neisseria_1	Neisseria bacilliformis ATCC BAA-1200	888742
Neisseria_0	Neisseria subflava NJ9703	546268
Neisseria_7	Neisseria gonorrhoeae NCCP11945	521006
Neisseria_6	Neisseria elongata subsp. glycolytica ATCC 29315	546263
Neisseria_5	Neisseria sp. oral taxon 014 str. F0314	641149
Neisseria_4	Neisseria lactamica ATCC 23970	546265
Neisseria_9	Neisseria meningitidis 8013	604162
Neisseria_8	Neisseria macacae ATCC 33926	997348
Bordetella_5	Bordetella parapertussis 12822	257311
Bordetella_4	Bordetella avium 197N	360910
Bordetella_3	Bordetella bronchiseptica RB50	257310
Bordetella_2	Bordetella hinzii OH87 BAL007II	1331262
Bordetella_1	Bordetella pertussis Tohama I	257313
Bordetella_0	Bordetella petrii DSM 12804	340100
Psychrobacter_1	Psychrobacter sp. PRwf-1	349106
Psychrobacter_0	Psychrobacter arcticus 273-4	259536
Psychrobacter_2	Psychrobacter cryohalolentis K5	335284
Brachybacterium_1	Brachybacterium faecium DSM 4810	446465
Brachybacterium_0	Brachybacterium paraconglomeratum LC44	1064537
Staphylococcus_3	Staphylococcus aureus A9765	553594
Staphylococcus_2	Staphylococcus aureus A8819	553580
Staphylococcus_5	Staphylococcus capitis QN1	1189311
Staphylococcus_4	Staphylococcus aureus subsp. aureus A017934/97	585147
Staphylococcus_7	Staphylococcus aureus subsp. aureus EMRSA16	585154
Staphylococcus_6	Staphylococcus lugdunensis HKU09-01	698737
Staphylococcus_9	Staphylococcus aureus subsp. aureus C427	585151
Staphylococcus_8	Staphylococcus carnosus subsp. carnosus TM300	396513
Dechloromonas_0	Dechloromonas aromatica RCB	159087
Comamonas_0	Comamonas testosteroni S44	563045
Comamonas_1	Comamonas testosteroni KF-1	399795
Staphylococcus_28	Staphylococcus hominis SK119	629742
Staphylococcus_29	Staphylococcus equorum subsp. equorum Mu2	1159488
Staphylococcus_20	Staphylococcus aureus subsp. aureus M1015	585156
Staphylococcus_21	Staphylococcus aureus subsp. aureus Btn1260	585148
Staphylococcus_22	Staphylococcus epidermidis BCM-HMP0060	525374
Staphylococcus_23	Staphylococcus warneri SG1	1194526
Staphylococcus_24	Staphylococcus epidermidis W23144	525376
Staphylococcus_25	Staphylococcus aureus subsp. aureus H19	585155
Staphylococcus_26	Staphylococcus capitis SK14	553212
Staphylococcus_27	Staphylococcus arlettae CVD059	1212545
Lactobacillus_18	Lactobacillus reuteri SD2112 ATCC 55730	491077
Lactobacillus_19	Lactobacillus salivarius ATCC 11741	1423799
Lactobacillus_14	Lactobacillus johnsonii ATCC 33200	525330
Lactobacillus_15	Lactobacillus crispatus ST1	748671
Lactobacillus_16	Lactobacillus crispatus 214-1	679188
Lactobacillus_17	Lactobacillus plantarum subsp. plantarum ATCC 14917	525338
Lactobacillus_10	Lactobacillus gasseri JV-V03	525326
Lactobacillus_11	Lactobacillus brevis subsp. gravesensis ATCC 27305	525310
Lactobacillus_12	Lactobacillus helveticus DSM 20075	585520
Lactobacillus_13	Lactobacillus coleohominis 101-4-CHN	575594
Fusobacterium_7	Fusobacterium nucleatum subsp. nucleatum ATCC 25586	190304
Fusobacterium_6	Fusobacterium nucleatum subsp. polymorphum ATCC 10953	393480
Fusobacterium_5	Fusobacterium varium ATCC 27725	469618
Fusobacterium_4	Fusobacterium necrophorum subsp. funduliforme 1_1_36S	742814
Fusobacterium_3	Fusobacterium necrophorum D12	556263
Tsukamurella_0	Tsukamurella paurometabola DSM 20162	521096
Fusobacterium_1	Fusobacterium mortiferum ATCC 9817	469616
Fusobacterium_0	Fusobacterium periodonticum 2_1_31	469599
Fusobacterium_9	Fusobacterium nucleatum subsp. vincentii ATCC 49256	209882
Fusobacterium_8	Fusobacterium nucleatum subsp. animalis 3_1_33	469603
unclassified_Melainabacteria_0	Melainabacterium MEL.A1	1899017
Paeniclostridium_0	Clostridium sordellii ATCC 9714	1292036
Tannerella_1	Tannerella sp. 6_1_58FAA_CT1	665949
Tannerella_0	Tannerella forsythia ATCC 43037	28112
Trueperella_0	Trueperella pyogenes MS249	1448141
Phascolarctobacterium_0	Phascolarctobacterium succinatutens YIT 12067	626939
Porphyromonas_2	Porphyromonas somerae DSM 23386	1122975
Yersinia_14	Yersinia pestis biovar Mediaevalis str. K1973002	404216
Yersinia_13	Yersinia pseudotuberculosis YPIII	502800
Yersinia_12	Yersinia pseudotuberculosis IP 32953	273123
Yersinia_11	Yersinia pestis KIM D27	687916
Yersinia_10	Yersinia pestis biovar Microtus str. 91001	229193
Oligotropha_0	Oligotropha carboxidovorans OM5	504832
Pedobacter_0	Pedobacter sp. BAL39	391596
Helicobacter_8	Helicobacter cinaedi CCUG 18818	537971
Helicobacter_9	Helicobacter bilis ATCC 43879	613026
Helicobacter_2	Helicobacter pylori 98-10	544405
Helicobacter_3	Helicobacter pylori 83	585538
Helicobacter_0	Helicobacter winghamensis ATCC BAA-430	556267
Helicobacter_1	Helicobacter pylori v225d	637913
Helicobacter_6	Helicobacter pylori HPKX_438_AG0C1	499171
Helicobacter_7	Helicobacter pylori 35A	585535
Helicobacter_4	Helicobacter pylori 52	684950
Helicobacter_5	Helicobacter pylori 51	290847
Aliivibrio_0	Vibrio fischeri MJ11	388396
Microbacterium_2	Microbacterium paraoxydans 77MFTsu3.2	1151126
Microbacterium_1	Microbacterium gubbeenense  DSM 15944	1122237
Microbacterium_0	Microbacterium oleivorans NBRC 103075	1223528
Methylobacterium_3	Methylobacterium populi BJ001	441620
Butyricicoccus_0	Butyricicoccus pullicaecorum 1.2	1203606
Paracoccus_0	Paracoccus yeei ATCC BAA-599	1446473
Barnesiella_0	Barnesiella intestinihominis YIT 11860	742726
Heliobacterium_0	Heliobacterium modesticaldum Ice1	498761
Bacillus_18	Bacillus pseudofirmus OF4	398511
Bacillus_19	Bacillus pumilus ATCC 7061	536229
Bacillus_16	Bacillus sonorensis L12	1274524
Bacillus_17	Bacillus cereus F65185	526989
Bacillus_14	Bacillus cereus Rock3-28	526983
Bacillus_15	Bacillus mojavensis RO-H-1 = KCTC3706	1051501
Bacillus_12	Bacillus cereus AH187 (F4810/72)	405534
Bacillus_13	Bacillus thuringiensis serovar pakistani str. T13001	527027
Bacillus_10	Bacillus cereus ATCC 10876	526980
Bacillus_11	Bacillus fordii DSM 16014	1121090
Methyloversatilis_0	Methyloversatilis universalis Fam50001	983952
Methyloversatilis_1	Methyloversatilis universalis FAM5	1000565
Thiomonas_0	Thiomonas intermedia K12	75379
Pseudarthrobacter_0	Arthrobacter chlorophenolicus A6	452863
Haemophilus_1	Haemophilus influenzae 22.4-21	375063
Haemophilus_0	Haemophilus haemolyticus M19501	1028803
Staphylococcus_44	Staphylococcus aureus subsp. aureus TCH60	548473
Lactobacillus_8	Lactobacillus johnsonii FI9785	633699
Lactobacillus_9	Lactobacillus fermentum CECT 5716	712938
Lactobacillus_2	Lactobacillus oris F0423	944562
Lactobacillus_3	Lactobacillus paracasei subsp. paracasei ATCC 25302	525337
Lactobacillus_0	Lactobacillus jensenii 1153	440497
Lactobacillus_1	Lactobacillus brevis ATCC 367	387344
Lactobacillus_6	Lactobacillus sakei subsp. sakei 23K	314315
Lactobacillus_7	Lactobacillus crispatus MV-3A-US	575597
Lactobacillus_4	Lactobacillus rhamnosus GG, ATCC 53103	568703
Lactobacillus_5	Lactobacillus iners AB-1	713605
Haemophilus_7	Haemophilus ducreyi 35000HP	233412
Staphylococcus_41	Staphylococcus aureus subsp. aureus D139	585152
Bartonella_1	Bartonella henselae str. Houston-1	283166
Bartonella_0	Bartonella quintana Toulouse	283165
Enterococcus_8	Enterococcus faecium DO	333849
Enterococcus_9	Enterococcus faecalis V583	226185
Enterococcus_2	Enterococcus casseliflavus EC10	565654
Enterococcus_3	Enterococcus faecium E1162	535206
Enterococcus_0	Enterococcus faecalis TX2137	749491
Jonesia_0	Jonesia denitrificans DSM 20603	471856
Enterococcus_6	Enterococcus faecium E1071	535205
Enterococcus_7	Enterococcus faecalis TX1342	749515
Enterococcus_4	Enterococcus faecalis ATCC 29200	525271
Enterococcus_5	Enterococcus faecalis R712	699186
Holdemania_1	Holdemania filiformis VPI J1-31B-1, DSM 12042	61171
Holdemania_0	Holdemania filiformis DSM 12042	545696
Stigmatella_0	Stigmatella aurantiaca DW4/3-1	378806
Cupriavidus_1	Ralstonia eutropha H16	381666
Cupriavidus_0	Ralstonia eutropha JMP134	264198
Nitrososphaera_0	Candidatus Nitrososphaera gargensis Ga9.2	1237085
Anaerococcus_4	Anaerococcus prevotii DSM 20548	525919
Anaerococcus_1	Anaerococcus hydrogenalis DSM 7454	561177
Anaerococcus_0	Anaerococcus tetradius ATCC 35098	525255
Anaerococcus_3	Anaerococcus lactolyticus ATCC 51172	525254
Anaerococcus_2	Anaerococcus vaginalis ATCC 51170	655811
Shigella_0	Shigella flexneri 2002017	591020
Shigella_1	Shigella flexneri 2a str. 301	198214
Shigella_2	Shigella boydii CDC 3083-94	344609
Thermobifida_0	Thermobifida fusca YX	269800
Staphylococcus_58	Staphylococcus aureus A8117	553574
Staphylococcus_55	Staphylococcus aureus subsp. aureus ATCC 51811	762962
Staphylococcus_54	Staphylococcus aureus subsp. aureus M899	585159
Staphylococcus_57	Staphylococcus haemolyticus JCSC1435	279808
Staphylococcus_56	Staphylococcus aureus subsp. aureus USA300_TCH1516	451516
Staphylococcus_51	Staphylococcus warneri L37603	596319
Staphylococcus_50	Staphylococcus caprae C87	435838
Staphylococcus_53	Staphylococcus aureus subsp. aureus ATCC BAA-39	862516
Staphylococcus_52	Staphylococcus epidermidis M23864:W2(grey)	525375
Blautia_8	Blautia hydrogenotrophica DSM 10507	476272
Blautia_9	Ruminococcus obeum A2-162	657314
Blautia_6	Blautia hansenii VPI C7-24, DSM 20583	1322
Blautia_7	Blautia hansenii DSM 20583	537007
Blautia_4	Blautia wexlerae DSM 19850	1121115
Blautia_5	Ruminococcus torques L2-14	657313
Blautia_2	Ruminococcus torques ATCC 27756	411460
Blautia_3	Blautia producta DSM 2950	1121114
Blautia_0	Blautia obeum ATCC 29174	411459
Blautia_1	Ruminococcus gnavus ATCC 29149	411470
Turicibacter_0	Turicibacter sp. PC909	702450
Acetoanaerobium_0	Clostridium sticklandii DSM 519	499177
Sulfurospirillum_0	Sulfurospirillum deleyianum DSM 6946	525898
Novosphingobium_0	Novosphingobium aromaticivorans DSM 12444	279238
Paraprevotella_1	Paraprevotella xylaniphila YIT 11841	762982
Escherichia_40	Escherichia sp. 1_1_43	457400
Clostridium_44	Clostridium botulinum A str. Hall	441771
Lactobacillus_39	Lactobacillus crispatus JV-V01	491076
Proteus_0	Proteus mirabilis ATCC 29906	525369
Proteus_1	Proteus mirabilis ATCC 35198	471881
Mannheimia_0	Mannheimia haemolytica serotype A2 str. OVINE	669261
Alkaliphilus_0	Alkaliphilus metalliredigens QYMF	293826
Alkaliphilus_1	Alkaliphilus oremlandii OhILAs	350688
Victivallis_0	Victivallis vadensis ATCC BAA-548	340101
Exiguobacterium_0	Exiguobacterium aurantiacum DSM 6208	1397694
Caldicellulosiruptor_0	Enterococcus saccharolyticus DSM8903	351627
Dethiosulfovibrio_0	Dethiosulfovibrio peptidovorans DSM 11002	469381
Beggiatoa_0	Beggiatoa sp. SS	422288
Robiginitalea_0	Robiginitalea biformata HTCC2501	313596
Veillonella_1	Veillonella ratti ACS-216-V-Col6b	883156
Veillonella_0	Veillonella sp. 3_1_44	457416
Veillonella_3	Veillonella parvula Te3, DSM 2008	29466
Veillonella_2	Veillonella sp. 6_1_27	450749
Veillonella_5	Veillonella atypica ACS-049-V-Sch6	866776
Veillonella_4	Veillonella parvula DSM 2008	479436
Veillonella_7	Veillonella parvula ATCC 17745	686660
Veillonella_6	Veillonella dispar ATCC 17748	546273
Roseiflexus_0	Roseiflexus sp. RS-1	357808
Mesoplasma_0	Mesoplasma florum L1	265311
Corynebacterium_8	Corynebacterium glucuronolyticum ATCC 51867	548477
Zymomonas_0	Zymomonas mobilis subsp. mobilis ATCC 10988	555217
Corynebacterium_9	Corynebacterium glucuronolyticum ATCC 51866	548478
Escherichia_8	Escherichia coli O157:H7 str. EC4024	444454
Escherichia_9	Escherichia coli MS 175-1	749544
Escherichia_2	Escherichia coli MS 182-1	749545
Escherichia_3	Escherichia coli MS 60-1	749530
Escherichia_0	Escherichia coli MS 78-1	749532
Escherichia_1	Escherichia albertii TW07627	502347
Escherichia_6	Escherichia coli MS 116-1	749538
Escherichia_7	Escherichia coli B088	550672
Escherichia_4	Escherichia coli MS 79-10	796392
Escherichia_5	Escherichia coli MS 84-1	749533
Gemmata_0	Gemmata obscuriglobus UQM 2246	214688
Bacillus_7	Bacillus cereus BDRD-ST26	526975
Streptococcus_50	Streptococcus sp. M143	563037
Centipeda_0	Centipeda periodontii DSM 2778	888060
Delftia_0	Delftia acidovorans SPH-1	398578
Shewanella_0	Shewanella benthica KT99	314608
Porphyromonas_3	Porphyromonas uenonis DSM 23387 	1122976
Staphylococcus_1	Staphylococcus sciuri subsp. sciuri Z8	1232666
Porphyromonas_1	Porphyromonas gingivalis ATCC 33277	431947
Porphyromonas_0	Porphyromonas gingivalis W83	242619
Porphyromonas_6	Porphyromonas asaccharolytica DSM 20707	879243
Porphyromonas_5	Porphyromonas uenonis 60-3	596327
Porphyromonas_4	Porphyromonas endodontalis ATCC 35406	553175
Listeria_0	Listeria monocytogenes SLCC 2378	879088
Peptoanaerobacter_0	Eubacterium yurii subsp. margaretiae ATCC 43715	864565
Haemophilus_8	Haemophilus sputorum CCUG 13788	1035839
Propionibacterium_0	Propionibacterium freudenreichii subsp. shermanii CIRM-BIA1	754252
Staphylococcus_48	Staphylococcus aureus subsp. aureus USA300_TCH959	450394
Staphylococcus_49	Staphylococcus pasteuri SP1	1276282
Staphylococcus_46	Staphylococcus cohnii hu-01	1415164
Staphylococcus_47	Staphylococcus aureus subsp. aureus MR1	680649
Haemophilus_3	Haemophilus influenzae 6P18H1	521004
Haemophilus_2	Haemophilus influenzae HK1212	456482
Haemophilus_5	Haemophilus parainfluenzae T3T1	862965
Haemophilus_4	Haemophilus aegyptius ATCC 11116	888728
Staphylococcus_40	Staphylococcus epidermidis RP62A	176279
Haemophilus_6	Haemophilus influenzae R2866	262728
Roseomonas_0	Roseomonas mucosa ATCC BAA-692	1448136
Lactobacillus_32	Lactobacillus jensenii 269-3	596325
Lactobacillus_33	Lactobacillus animalis KCTC 3501	930942
Lactobacillus_30	Lactobacillus iners DSM 13335	525328
Lactobacillus_31	Lactobacillus jensenii JV-V16	525329
Lactobacillus_36	Lactobacillus casei str. Zhang	498216
Lactobacillus_37	Lactobacillus acidophilus ATCC 4796	525306
Lactobacillus_34	Lactobacillus vaginalis ATCC 49540	1423814
Lactobacillus_35	Lactobacillus casei casei BL23	543734
Thiobacillus_0	Thiobacillus denitrificans ATCC 25259	292415
Nitrosomonas_1	Nitrosomonas eutropha C91	335283
Clostridium_45	Clostridium perfringens CPE str. F4969	451756
Clostridium_42	Clostridium botulinum B str. Eklund 17B	935198
Clostridium_43	Clostridium botulinum E3 str. Alaska E43	508767
Clostridium_40	Clostridium sp. HGF2	908340
Clostridium_41	Clostridium sp. 7_3_54FAA	665940
Blastococcus_0	Blastococcus massiliensis AP3	1211815
Nitrosomonas_0	Nitrosomonas europaea ATCC 19718	228410
Enhydrobacter_0	Enhydrobacter aerosaccus SK60	553217
Nakamurella_0	Nakamurella multipartita DSM 44233	479431
Cedecea_0	Cedecea davisae DSM 4568	566551
Nevskia_0	Nevskia ramosa DSM 11499	1122603
Jonquetella_0	Jonquetella anthropi E3_33 E1	645512
Atopobium_2	Atopobium minutum 10063974	997872
Atopobium_3	Atopobium rimae ATCC 49626	553184
Atopobium_0	Atopobium parvulum DSM 20469	521095
Atopobium_1	Atopobium vaginae DSM 15829	525256
Pectobacterium_0	Pectobacterium carotovorum subsp. carotovorum PC1	561230
Neisseria_17	Neisseria mucosa ATCC 25996	546266
Neisseria_16	Neisseria gonorrhoeae F62	528351
Neisseria_15	Neisseria polysaccharea ATCC 43768	546267
Neisseria_14	Neisseria meningitidis ATCC 13091	862513
Neisseria_13	Neisseria meningitidis K1207	768485
Neisseria_12	Neisseria flavescens NRL30031/H210	546264
Neisseria_11	Neisseria sicca ATCC 29256	547045
Neisseria_10	Neisseria flavescens SK114	596320
Neisseria_18	Neisseria meningitidis S0108	768484
Rhodothermus_0	Rhodothermus marinus DSM 4252	518766
Fusobacterium_2	Fusobacterium nucleatum subsp. vincentii 4_1_13	469606
Selenomonas_2	Selenomonas flueggei ATCC 43531	638302
Selenomonas_3	Selenomonas artemidis F0399	749551
Selenomonas_0	Selenomonas ruminantium AC2024	1392501
Selenomonas_1	Selenomonas sputigena ATCC 35185	546271
Selenomonas_4	Selenomonas sp. oral taxon 149 str. 67H29BP	864563
Selenomonas_5	Selenomonas noxia ATCC 43541	585503
Yokenella_0	Yokenella regensburgei ATCC 43003	1002368
Cryptobacterium_0	Cryptobacterium curtum DSM 15641	469378
Anaerofustis_0	Anaerofustis stercorihominis DSM 17244	445971
Butyrivibrio_1	Butyrivibrio fibrisolvens 16/4	657324
Butyrivibrio_0	Butyrivibrio crossotus DSM 2876	511680
unclassified_Erysipelotrichaceae_3	Erysipelotrichaceae bacterium 5_2_54FAA	552396
unclassified_Erysipelotrichaceae_2	Erysipelotrichaceae bacterium 21_3	658657
unclassified_Erysipelotrichaceae_1	Erysipelotrichaceae bacterium 2_2_44A	457422
unclassified_Erysipelotrichaceae_0	Erysipelotrichaceae bacterium sp. 3_1_53	658659
unclassified_Erysipelotrichaceae_4	Erysipelotrichaceae bacterium 6_1_45	469614
Clostridium_9	Clostridium sp. SY8519	1042156
Clostridium_8	Clostridium botulinum A str. ATCC 19397	441770
Clostridium_1	Clostridium perfringens ATCC 13124	195103
Clostridium_0	Clostridium perfringens str. 13	195102
Clostridium_3	Clostridium acetobutylicum ATCC 824	272562
Clostridium_2	Clostridium sp. SS2/1	411484
Clostridium_5	Clostridium carboxidivorans P7	536227
Clostridium_4	Clostridium botulinum Ba4 str. 657	515621
Clostridium_7	Clostridium perfringens C str. JGS1495	445334
Clostridium_6	Clostridium botulinum C str. Eklund	445337
Clostridium_19	Clostridium celatum DSM 1785	545697
Clostridium_18	Clostridium novyi NT	386415
Acidobacterium_0	Acidobacterium capsulatum ATCC 51196	240015
Herminiimonas_0	Herminiimonas arsenicoxydans	204773
Streptococcus_19	Streptococcus pneumoniae str. Canada MDR_19A	637987
Streptococcus_18	Streptococcus pneumoniae str. Canada MDR_19F	637988
Streptococcus_13	Streptococcus australis ATCC 700641	888833
Streptococcus_12	Streptococcus parasanguinis ATCC 903	888048
Streptococcus_11	Streptococcus salivarius JIM8777	347253
Streptococcus_10	Streptococcus infantis ATCC 700779	889204
Streptococcus_17	Streptococcus uberis 0140J	218495
Streptococcus_16	Streptococcus sp. I-P16	1156433
Streptococcus_15	Streptococcus gordonii str. Challis substr. CH1	467705
Streptococcus_14	Streptococcus thoraltensis DSM 12221	1123318
Pseudomonas_18	Pseudomonas syringae pv. syringae FF5	591153
Pseudomonas_19	Pseudomonas syringae pv. tomato Max13	673198
Pseudomonas_16	Pseudomonas aeruginosa NCGM2.S1	1089456
Pseudomonas_17	Pseudomonas syringae pv. tomato T1	546231
Pseudomonas_14	Pseudomonas syringae pv. tomato NCPPB 1108	673265
Pseudomonas_15	Pseudomonas syringae pv. phaseolicola 1448A	264730
Pseudomonas_12	Pseudomonas aeruginosa 2192	350703
Pseudomonas_13	Pseudomonas entomophila L48	384676
Pseudomonas_10	Pseudomonas syringae pv. oryzae str. 1_6	563797
Pseudomonas_11	Pseudomonas syringae pv. aesculi str. 2250	666475
Afipia_1	Afipia sp. 1NLS2	666684
Afipia_0	Afipia birgiae 34632	1197906
Enterococcus_29	Enterococcus faecium PC4.1	791161
Enterococcus_28	Enterococcus faecium E980	529885
Lachnoclostridium_0	Clostridium methoxybenzovorans SR3	1286820
Lachnoclostridium_1	Clostridium phytofermentans ISDg	357809
Lachnoclostridium_2	Clostridium asparagiforme DSM 15981	518636
Lachnoclostridium_3	Clostridium bolteae ATCC BAA-613	411902
Lachnoclostridium_4	Clostridium symbiosum WAL-14163	742740
Lachnoclostridium_5	Clostridium clostridioforme CM201	999410
Lachnoclostridium_6	Clostridium clostridioforme 2_1_49FAA	742735
Lachnoclostridium_7	Clostridium hylemonae DSM 15053	553973
Lachnoclostridium_8	Clostridium scindens ATCC 35704	411468
Lachnoclostridium_9	Clostridium indolis DSM 755	1304881
Methanomassiliicoccus_0	Methanomassiliicoccus luminyensis B10	1175296
Enterococcus_23	Enterococcus caccae ATCC BAA-1240	1158612
Enterococcus_22	Enterococcus italicus DSM 15952	888064
Flavonifractor_0	Flavonifractor plautii ATCC 29863	411475
Lactobacillus_25	Lactobacillus paracasei subsp. paracasei 8700:2	537973
Lactobacillus_24	Lactobacillus plantarum WCFS1	220668
Lactobacillus_27	Lactobacillus jensenii 115-3-CHN	575605
Lactobacillus_26	Lactobacillus mucosae LM1	1130798
Lactobacillus_21	Lactobacillus johnsonii DPC 6026	909954
Lactobacillus_20	Lactobacillus jensenii SJ-7A-US	575607
Lactobacillus_23	Lactobacillus antri DSM 16041	525309
Lactobacillus_22	Lactobacillus buchneri ATCC 11577	525318
Lactobacillus_29	Lactobacillus gasseri 224-1	679196
Lactobacillus_28	Lactobacillus delbrueckii subsp. bulgaricus ATCC BAA-365	321956
Syntrophothermus_0	Syntrophothermus lipocalidus DSM 12680	643648
Moorella_0	Moorella thermoacetica ATCC 39073	264732
Dehalococcoides_0	Dehalococcoides ethenogenes 195	243164
Synechococcus_1	Synechococcus sp. JA-3-3Ab	321327
Candidatus_Carsonella_0	Candidatus Carsonella ruddii PV	387662
Leptotrichia_2	Leptotrichia goodfellowii F0264	596323
Brochothrix_0	Brochothrix thermosphacta DSM 20171 = FSL F6-1036	1121126
Leptotrichia_0	Leptotrichia buccalis C-1013-b	523794
Faecalicoccus_0	Streptococcus pleomorphus DSM 20574	1123313
Streptobacillus_0	Streptobacillus moniliformis DSM 12112	519441
Prevotella_42	Prevotella timonensis CRIS 5C-B1	679189
Prevotella_40	Prevotella nigrescens ATCC 33563	997352
Prevotella_41	Prevotella salivae DSM 15606	888832
Desulfitobacterium_0	Desulfitobacterium hafniense Y51	138119
Desulfitobacterium_1	Desulfitobacterium hafniense DP7	537010
Moraxella_0	Moraxella catarrhalis RH4	749219
Solobacterium_1	Solobacterium moorei F0204	706433
Solobacterium_0	Solobacterium moorei DSM 22971	1123263
Providencia_0	Providencia alcalifaciens DSM 30120	520999
Providencia_1	Providencia rettgeri DSM 1131	521000
Providencia_2	Providencia stuartii ATCC 25827	471874
Providencia_3	Providencia rustigianii DSM 4541	500637
Pseudomonas_8	Pseudomonas syringae pv. syringae B728a	205918
Pseudomonas_9	Pseudomonas putida GB-1	76869
Pseudomonas_4	Pseudomonas aeruginosa LESB58	557722
Pseudomonas_5	Pseudomonas monteilii NBRC 103158 = DSM 14164	1215110
Pseudomonas_6	Pseudomonas alcaliphila 34	1248438
Pseudomonas_7	Pseudomonas savastanoi pv. savastanoi NCPPB 3335	693985
Pseudomonas_0	Pseudomonas oleovorans MOIL14HWK12	1033992
Pseudomonas_1	Pseudomonas mendocina ymp	399739
Pseudomonas_2	Pseudomonas fluorescens Pf-5	220664
Pseudomonas_3	Pseudomonas putida W619	390235
Oceanobacillus_0	Oceanobacillus picturae strain S1	333381
Parvimonas_0	Parvimonas micra ATCC 33270	411465
Salmonella_13	Salmonella enterica subsp. enterica serovar Paratyphi A str. ATCC 9150	295319
Salmonella_12	Salmonella enterica subsp. enterica serovar Choleraesuis str.	321314
Leuconostoc_4	Leuconostoc citreum KM20	349519
Leuconostoc_2	Leuconostoc mesenteroides subsp. cremoris ATCC 19254	586220
Leuconostoc_3	Leuconostoc gelidum JB7	1229756
Leuconostoc_0	Leuconostoc argentinum KCTC 3773	886872
Leuconostoc_1	Leuconostoc gasicomitatum LMG 18811	762550
Rhodopseudomonas_1	Rhodopseudomonas palustris DX-1	652103
Rhodopseudomonas_0	Rhodopseudomonas palustris HaA2	316058
Rhodopseudomonas_3	Rhodopseudomonas palustris BisB5	316057
Rhodopseudomonas_2	Rhodopseudomonas palustris BisA53	316055
Rhodopseudomonas_5	Rhodopseudomonas palustris BisB18	316056
Rhodopseudomonas_4	Rhodopseudomonas palustris TIE-1	395960
Candidatus_Desulforudis_0	Candidatus Desulforudis audaxviator MP104C	477974
Histophilus_0	Haemophilus somnus 2336	228400
Streptococcus_28	Streptococcus mutans UA159	210007
Streptococcus_29	Streptococcus mitis B6	365659
Streptococcus_26	Streptococcus lutetiensis 033	1076934
Streptococcus_27	Streptococcus equi subsp. equi 4047	553482
Streptococcus_24	Streptococcus agalactiae A909	205921
Streptococcus_25	Streptococcus gallolyticus subsp. gallolyticus ATCC 43143	981539
Streptococcus_22	Streptococcus intermedius JTH08	591365
Streptococcus_23	Streptococcus bovis ATCC 700338	864569
Streptococcus_20	Streptococcus vestibularis F0396	904306
Streptococcus_21	Streptococcus mitis SK1073	1008452
Chania_0	Serratia fonticola RB-25	1441930
Cellulomonas_0	Cellulomonas flavigena DSM 20109	446466
Achromobacter_0	Achromobacter piechaudii ATCC 43553	742159
Erysipelatoclostridium_3	Clostridium spiroforme DSM 1552	428126
Erysipelatoclostridium_2	Clostridium ramosum DSM 1402	445974
Erysipelatoclostridium_1	Clostridium saccharogumia DSM 17460	1121333
Erysipelatoclostridium_0	Clostridium ramosum VPI 0427, DSM 1402	1547
Erysipelatoclostridium_4	Clostridium innocuum 2959	999413
Actinosynnema_0	Actinosynnema mirum DSM 43827	446462
Kocuria_0	Kocuria palustris PEL	1236550
Kocuria_1	Kocuria rhizophila DC2201	378753
Pseudobutyrivibrio_0	Pseudobutyrivibrio ruminis AD2017	1280694
Pediococcus_2	Pediococcus acidilactici 7_4	563194
Pediococcus_1	Pediococcus acidilactici DSM 20284	862514
Leminorella_0	Leminorella grimontii ATCC 33999 = DSM 5078	1005999
Bacteroides_49	Bacteroides nordii CL02T12C05	997884
Bacteroides_46	Bacteroides stercoris ATCC 43183	449673
Bacteroides_47	Bacteroides uniformis ATCC 8492	411479
Bacteroides_44	Bacteroides timonensis AP1	1203465
Bacteroides_45	Bacteroides sp. 3_1_19	469592
Bacteroides_42	Bacteroides fragilis 3_1_12	457424
Bacteroides_43	Bacteroides sp. 1_1_6	469586
Bacteroides_40	Bacteroides sp. 2_1_16	469587
Bacteroides_41	Bacteroides ovatus SD CMC 3f	702443
Pediococcus_0	Pediococcus pentosaceus ATCC 25745	278197
Brevibacillus_1	Brevibacillus agri 5-2	1444307
Edwardsiella_0	Edwardsiella ictaluri 93-146	634503
Edwardsiella_1	Edwardsiella tarda ATCC 23685	500638
Edwardsiella_2	Edwardsiella tarda EIB202	498217
Edwardsiella_3	Edwardsiella tarda FL6-60	718251
Sanguibacter_0	Sanguibacter keddieii DSM 10542	446469
Cardiobacterium_0	Cardiobacterium hominis ATCC 15826	638300
Thermosinus_0	Thermosinus carboxydivorans Nor1	401526
Burkholderia_1	Burkholderia sp. H160	516466
Bacillus_44	Bacillus cereus BDRD-Cer4	526978
Bacillus_47	Bacillus nealsonii AAU1	1202533
Bacillus_46	Bacillus altitudinis 41KF2b	1178544
Bacillus_40	Bacillus cereus AH1271	526992
Cloacibacillus_0	Cloacibacillus evryensis DSM 19522	866499
Ruminococcus_11	Ruminococcus champanellensis 18P13	213810
Ruminococcus_10	Ruminococcus sp. SR1/5	657323
Capnocytophaga_2	Capnocytophaga gingivalis ATCC 33624	553178
Brachyspira_3	Brachyspira murdochii DSM 12563	526224
Capnocytophaga_0	Capnocytophaga ochracea DSM 7271	521097
Capnocytophaga_1	Capnocytophaga sputigena ATCC 33612	553177
Photobacterium_0	Photobacterium damselae subsp. damselae CIP 102761	675817
Odoribacter_0	Odoribacter laneus YIT 12061	742817
Odoribacter_1	Odoribacter splanchnicus 1651/6, DSM 20712	28118
Alistipes_4	Alistipes indistinctus YIT 12060	742725
Alistipes_0	Alistipes putredinis DSM 17216	445970
Alistipes_1	Alistipes onderdonkii DSM 19147	1203611
Alistipes_2	Alistipes finegoldii DSM 17242	679935
Alistipes_3	Alistipes shahii WAL 8301	717959
Escherichia_17	Escherichia coli SE11	409438
Candidatus_Phytoplasma_0	Onion yellows phytoplasma OY-M	262768
Candidatus_Phytoplasma_1	Candidatus Phytoplasma mali	37692
Pseudomonas_30	Pseudomonas sp. UK4	452680
Pseudogulbenkiania_0	Lutiella nitroferrum 2002	279714
Paraclostridium_0	Clostridium bifermentans ATCC 19299	1233170
Pantoea_0	Pantoea ananatis LMG 20103	706191
Streptococcus_31	Streptococcus cristatus ATCC 51100	889201
Streptococcus_30	Streptococcus mitis ATCC 6249	864567
Streptococcus_33	Streptococcus sp. I-G2	1156431
Streptococcus_32	Streptococcus thermophilus LMG 18311	264199
Streptococcus_35	Streptococcus pyogenes MGAS10750	370554
Streptococcus_34	Streptococcus pneumoniae AP200	574093
Streptococcus_37	Streptococcus parasanguinis ATCC 15912	760570
Streptococcus_36	Streptococcus gallolyticus subsp. gallolyticus TX20005	545774
Streptococcus_39	Streptococcus agalactiae NEM316	211110
Streptococcus_38	Streptococcus oralis Uo5	927666
Acidaminococcus_2	Acidaminococcus fermentans DSM 20731	591001
Acidaminococcus_1	Acidaminococcus sp. D21	563191
Acidaminococcus_0	Acidaminococcus intestini RyC-MR95	568816
Paenarthrobacter_0	Arthrobacter aurescens TC1	290340
Ralstonia_3	Ralstonia solanacearum GMI1000	267608
Ralstonia_2	Ralstonia sp. 5_2_56FAA	658080
Ralstonia_1	Ralstonia solanacearum UW551	342110
Ralstonia_0	Ralstonia solanacearum PSI07	859657
Ralstonia_6	Ralstonia pickettii 12J	402626
Ralstonia_5	Ralstonia solanacearum CFBP2957	859656
Ralstonia_4	Ralstonia sp. 5_7_47FAA	658664
Saccharopolyspora_0	Saccharopolyspora erythraea NRRL 2338	405948
Synergistes_0	Synergistes sp. 3_1_syn1	457415
Blattabacterium_0	Blattabacterium sp. (Blattella germanica) str. Bge	331104
Ochrobactrum_0	Ochrobactrum anthropi ATCC 49188	439375
Carnobacterium_0	Carnobacterium sp. AT7	333990
Prevotella_1	Prevotella enoeca  JCM 12259	1235815
Prevotella_0	Prevotella stercorea DSM 18206	1002367
Dokdonia_0	Dokdonia donghaensis MED134	313590
Bacteroides_59	Bacteroides coprocola DSM 17136	470145
Bacteroides_58	Bacteroides fragilis YCH46	295405
Bacteroides_55	Bacteroides plebeius M12, DSM 17135	310297
Bacteroides_54	Bacteroides eggerthii DSM 20697	483216
Bacteroides_57	Bacteroides sp. 4_3_47FAA	457394
Bacteroides_56	Bacteroides cellulosilyticus DSM 14838	537012
Bacteroides_51	Bacteroides sp. 9_1_42FAA	457395
Bacteroides_50	Bacteroides xylanisolvens XB1A	657309
Bacteroides_53	Bacteroides massiliensis B846dnLKV334 = Timone 84634 = DSM 17679 = JCM 13223	204516
Bacteroides_52	Bacteroides vulgatus PC510	702446
Trabulsiella_0	Trabulsiella guamensis ATCC 49490	1005994
Helicobacter_10	Helicobacter acinonychis str. Sheeba	382638
Helicobacter_11	Helicobacter pylori B128	544406
Helicobacter_12	Helicobacter pylori B8	693745
Helicobacter_13	Helicobacter canadensis MIT 98-5491	537970
Helicobacter_14	Helicobacter pylori 26695	85962
Helicobacter_15	Helicobacter pullorum MIT 98-5489	537972
Bilophila_0	Bilophila sp. 4_1_30	693988
Bilophila_1	Bilophila wadsworthia 3_1_6	563192
Caldanaerobacter_0	Carboxydibrachium pacificum DSM 12653	391606
Caldanaerobacter_1	Thermoanaerobacter tengcongensis MB4	273068
Xanthomonas_0	Xanthomonas campestris pv. campestris str. 8004	314565
Clostridioides_10	Clostridium difficile R20291	645463
Anaerobiospirillum_0	Anaerobiospirillum succiniciproducens DSM 640001	1120988
Thermanaerovibrio_0	Thermanaerovibrio acidaminovorans DSM 6589	525903
Roseburia_2	Roseburia inulinivorans DSM 16841	622312
Acinetobacter_0	Acinetobacter lwoffii SH145	575588
Acinetobacter_1	Acinetobacter haemolyticus NIPH 261	1217986
Acinetobacter_2	Acinetobacter sp. ADP1	62977
Acinetobacter_3	Acinetobacter johnsonii SH046	575586
Acinetobacter_4	Acinetobacter calcoaceticus PHEA-2	871585
Acinetobacter_5	Acinetobacter junii SH205	575587
Acinetobacter_6	Acinetobacter radioresistens SH164	575589
Acinetobacter_7	Acinetobacter radioresistens NIPH 2130	1217674
Acinetobacter_8	Acinetobacter pittii ANC 4052	1217689
Acinetobacter_9	Acinetobacter radioresistens SK82	596318
Janibacter_0	Janibacter sp. HTCC2649	313589
Macrococcus_0	Macrococcus caseolyticus JCSC5402	458233
Eubacterium_44	Flavobacteria bacterium BBFL7	156586
Plesiomonas_0	Plesiomonas shigelloides 302-73	1315976
Eubacterium_41	unidentified eubacterium SCB49	50743
Eubacterium_40	Eubacterium limosum KIST612	903814
Eubacterium_43	Lachnospiraceae bacterium 5_1_57FAA	658085
Eubacterium_42	Flavobacteria bacterium MS024-3C	487797
Faecalitalea_0	Eubacterium cylindroides T2-87	717960
Megasphaera_0	Megasphaera genomosp. type_1 str. 28L	699218
Megasphaera_1	Megasphaera elsdenii DSM 20460	1064535
Megasphaera_2	Megasphaera micronuciformis F0359	706434
Acidipropionibacterium_1	Propionibacterium jensenii DSM 20535	1122997
Acidipropionibacterium_0	Propionibacterium acidipropionici ATCC 4875	1171373
Basfia_0	Mannheimia succiniciproducens MBEL55E	221988
Aeromonas_4	Aeromonas caviae Ae398	878320
Candidatus_Riesia_0	Candidatus Riesia pediculicola USDA	515618
Dermacoccus_0	Dermacoccus nishinomiyaensis	1274
Sphingopyxis_0	Sphingopyxis alaskensis RB2256	317655
Gramella_0	Gramella forsetii KT0803	411154
Pseudomonas_27	Pseudomonas fluorescens SBW25	216595
Pseudomonas_26	Pseudomonas fluorescens Pf0-1	205922
Pseudomonas_25	Pseudomonas nitroreducens HBP1	1437882
Pseudomonas_24	Pseudomonas stutzeri A1501	379731
Pseudomonas_23	Pseudomonas sp. 2_1_26	665948
Pseudomonas_22	Pseudomonas syringae pv. tabaci ATCC 11528	573066
Pseudomonas_21	Pseudomonas syringae pv. tomato str. DC3000	223283
Pseudomonas_20	Pseudomonas putida KT2440	160488
Pseudomonas_29	Pseudomonas putida F1	351746
Pseudomonas_28	Pseudomonas syringae pv. tomato K40	673189
Collinsella_0	Collinsella intestinalis DSM 13280	521003
Collinsella_1	Collinsella stercoris DSM 13279	445975
Collinsella_2	Collinsella aerofaciens ATCC 25986	411903
Collinsella_3	Collinsella tanakaei YIT 12063	742742
Pasteurella_0	Pasteurella dagmatis ATCC 43325	667128
Pasteurella_1	Pasteurella multocida subsp. multocida str. Pm70	272843
Streptococcus_44	Streptococcus mutans ATCC 25175	1257041
Streptococcus_45	Streptococcus dysgalactiae subsp. equisimilis GGS_124	486410
Streptococcus_46	Streptococcus agalactiae 18RS21	342613
Streptococcus_47	Streptococcus mutans NN2025	511691
Streptococcus_40	Streptococcus suis BM407	568814
Streptococcus_41	Streptococcus thermophilus LMD-9	322159
Streptococcus_42	Streptococcus suis 05HAS68	672190
Streptococcus_43	Streptococcus anginosus 1_2_62CV	742820
Streptococcus_48	Streptococcus vestibularis ATCC 49124	889206
Streptococcus_49	Staphylococcus intermedius ATCC 27335	1338
Aromatoleum_0	Aromatoleum aromaticum EbN1	76114
Enterobacter_8	Enterobacter cloacae subsp. cloacae NCTC 9394	718254
Enterobacter_1	Enterobacter hormaechei YT3	1260282
Enterobacter_0	Enterobacter cancerogenus ATCC 35316	500639
Enterobacter_3	Enterobacter sp. 638	399742
Enterobacter_2	Enterobacter hormaechei YT2	1259823
Enterobacter_5	Enterobacter cloacae EcWSU1	1045856
Enterobacter_4	Enterobacter hormaechei ATCC 49162	888063
Enterobacter_7	Enterobacter asburiae LF7a	640513
Enterobacter_6	Enterobacter cloacae subsp. cloacae ATCC 13047	716541
Succinatimonas_0	Succinatimonas hippei YIT 12066	762983
Anaerotruncus_0	Anaerotruncus colihominis DSM 17241	445972
Azotobacter_0	Azotobacter vinelandii DJ	322710
Bacteroides_60	Bacteroides salyersiae WAL 10018 = DSM 18765 = JCM 12988	1121101
Pyramidobacter_0	Pyramidobacter piscolens W5455	352165
Pseudopropionibacterium_0	Propionibacterium propionicum F0230a	767029
Eubacterium_0	Enterobacteriaceae bacterium 9_2_54FAA	469613
Eubacterium_1	Flavobacteriaceae bacterium 3519-10	531844
Eubacterium_2	Lachnospiraceae bacterium 2_1_58FAA	658082
Eubacterium_3	Lachnospiraceae bacterium 6_1_63FAA	658083
Eubacterium_4	Flavobacteria bacterium BAL38	391598
Eubacterium_5	Flavobacteria bacterium MS024-2A	487796
Eubacterium_6	Lachnospiraceae bacterium 1_4_56FAA	658655
Eubacterium_7	Eubacterium eligens ATCC 27750	515620
Eubacterium_8	candidate division TM7 single-cell isolate TM7b	447455
Eubacterium_9	Lachnospiraceae bacterium 1_1_57FAA	658081
Ureibacillus_0	Ureibacillus thermosphaericus str. Thermo-BF	1160707
Pseudoramibacter_0	Pseudoramibacter alactolyticus ATCC 23263	887929
Candidatus_Sulcia_2	Candidatus Sulcia muelleri SMDSEM	595499
Eggerthella_1	Eggerthella sp. HGA1	910311
Candidatus_Sulcia_0	Candidatus Sulcia muelleri str. Hc (Homalodisca coagulata)	374675
Candidatus_Sulcia_1	Candidatus Sulcia muelleri DMIN	641892
Staphylococcus_0	Staphylococcus epidermidis ATCC 12228	176280
Citromicrobium_0	Citromicrobium bathyomarinum JL354	685035
Prevotella_11	Prevotella marshii DSM 16973	862515
Prevotella_10	Prevotella bivia JCVIHMP010	553171
Prevotella_13	Prevotella nanceiensis DSM 19126	1122988
Prevotella_12	Prevotella buccae D17	575611
Prevotella_15	Prevotella intermedia ATCC 25611 = DSM 20706 	1122984
Prevotella_14	Prevotella intermedia 17	246198
Prevotella_17	Prevotella pallens ATCC 700821	997353
Prevotella_16	Prevotella oris C735	563008
Prevotella_19	Prevotella albensis DSM 11370 	1122978
Prevotella_18	Prevotella copri CB7, DSM 18205	165179
Salmonella_8	Salmonella enterica subsp. enterica serovar Saintpaul str. SARA29	439847
Dietzia_0	Dietzia cinnamea P4	910954
Stackebrandtia_0	Stackebrandtia nassauensis DSM 44728	446470
Intestinibacter_0	Clostridium bartlettii DSM 16795	445973
Alicycliphilus_0	Alicycliphilus denitrificans BC	596153
Tyzzerella_0	Clostridium nexile DSM 1787	500632
Roseobacter_0	Roseobacter sp. AzwK-3b	351016
Ureaplasma_0	Ureaplasma parvum serovar 1 str. ATCC 27813	515608
Ureaplasma_1	Ureaplasma parvum serovar 6 str. ATCC 27818	519851
Ureaplasma_2	Ureaplasma urealyticum serovar 8 str. ATCC 27618	626095
Ureaplasma_3	Ureaplasma urealyticum serovar 9 str. ATCC 33175	550773
Brevibacillus_2	Brevibacillus agri BAB-2500	1246477
Cellulosimicrobium_0	Cellulosimicrobium cellulans J36	935839
Bifidobacterium_28	Bifidobacterium mongoliense DSM 21395	1437603
Bifidobacterium_29	Bifidobacterium kashiwanohense DSM 21854	1150460
Bifidobacterium_22	Bifidobacterium animalis lactis V9	573236
Bifidobacterium_23	Bifidobacterium gallicum DSM 20093	561180
Bifidobacterium_20	Bifidobacterium breve HPH0326	1203540
Bifidobacterium_21	Bifidobacterium breve DSM 20213 = JCM 1192	518634
Bifidobacterium_27	Bifidobacterium animalis lactis BB-12	552531
Bifidobacterium_25	Bifidobacterium animalis lactis Bl-04, ATCC SD5219	580050
Brevibacillus_0	Brevibacillus brevis NBRC 100599	358681
Methylobacterium_1	Methylobacterium extorquens DM4	661410
Methylobacterium_0	Methylobacterium radiotolerans JCM 2831	426355
Lachnospira_0	Lachnospira multipara ATCC 19207	1282887
Methylobacterium_2	Methylobacterium mesophilicum SR1.6/6	908290
Actinobacillus_2	Actinobacillus pleuropneumoniae L20	416269
Actinobacillus_3	Actinobacillus pleuropneumoniae serovar 2 str. S1536	871925
Actinobacillus_0	Actinobacillus succinogenes 130Z	339671
Actinobacillus_1	Actinobacillus minor NM305	637911
Actinobacillus_4	Actinobacillus pleuropneumoniae serovar 1 str. 4074	228399
Actinobacillus_5	Actinobacillus pleuropneumoniae serovar 7 str. AP76	537457
Bradyrhizobium_2	Bradyrhizobium japonicum USDA 110	224911
Corynebacterium_22	Corynebacterium diphtheriae NCTC 13129	257309
Bradyrhizobium_0	Bradyrhizobium sp. ORS278	114615
Corynebacterium_20	Corynebacterium genitalium ATCC 33030	585529
Acinetobacter_10	Acinetobacter lwoffii WJ10621	1046625
Beutenbergia_0	Beutenbergia cavernae DSM 12333	471853
Borreliella_0	Borrelia burgdorferi 80a	498736
Streptococcus_57	Streptococcus agalactiae COH1	342616
Streptococcus_56	Streptococcus sanguinis SK36	388919
Streptococcus_55	Streptococcus sanguinis SK115	888810
Streptococcus_54	Streptococcus equinus ATCC 9812	525379
Streptococcus_53	Streptococcus sanguinis SK330	888813
Streptococcus_52	Streptococcus infantarius subsp. infantarius ATCC BAA-102	471872
Streptococcus_51	Streptococcus sp. 2_1_36FAA	469609
Janthinobacterium_0	Janthinobacterium sp. Marseille	375286
Olsenella_1	Olsenella profusa F019501	1125712
Olsenella_0	Olsenella uli DSM 7084	633147
Streptococcus_59	Streptococcus sanguinis SK49	888808
Streptococcus_58	Streptococcus gallolyticus UCN34	637909
Kallipyga_0	Kallipyga massiliensis ph2	1118059
Dictyoglomus_0	Dictyoglomus thermophilum H-6-12	309799
Dictyoglomus_1	Dictyoglomus turgidum DSM 6724	515635
Serratia_2	Serratia odorifera 4Rx13	682634
Serratia_3	Serratia proteamaculans 568	399741
Serratia_0	Serratia liquefaciens ATCC 27592	1346614
Serratia_1	Serratia odorifera DSM 4582	667129
Clostridium_11	Clostridium botulinum D str. 1873	592027
Clostridium_10	Clostridium butyricum DSM 10702	1316931
Clostridium_13	Clostridium beijerinckii NCIMB 8052	290402
Clostridium_12	Clostridium tyrobutyricum DSM 2637 = ATCC 25755 = JCM 11008	1121342
Clostridium_15	Clostridium tetani E88	212717
Clostridium_14	Clostridium butyricum E4 str. BoNT E BL5262	632245
Clostridium_17	Clostridium cadaveris AGR2141	1280692
Clostridium_16	Clostridium perfringens D str. JGS1721	488537
Corynebacterium_4	Corynebacterium matruchotii ATCC 33806	566549
Corynebacterium_5	Corynebacterium efficiens YS-314	196164
Corynebacterium_6	Corynebacterium durum F0235	1035195
Corynebacterium_7	Corynebacterium lipophiloflavum DSM 44291	525263
Corynebacterium_0	Corynebacterium accolens ATCC 49725	525260
Corynebacterium_1	Corynebacterium accolens ATCC 49726	862512
Corynebacterium_2	Corynebacterium glutamicum R	340322
Corynebacterium_3	Corynebacterium tuberculostearicum SK141	553206
Kangiella_0	Kangiella koreensis DSM 16069	523791
Halococcus_0	Halococcus morrhuae DSM1307	931277
Slackia_2	Slackia exigua ATCC 700122	649764
Slackia_0	Slackia piriformis YIT 12062	742818
Slackia_1	Slackia heliotrinireducens DSM 20476	471855
Paraburkholderia_0	Paenibacillus graminis C4D1M	396598
Sphingobium_0	Sphingobium japonicum UT26S	452662
Faecalibacterium_4	Faecalibacterium prausnitzii SL3/3	657322
Faecalibacterium_2	Faecalibacterium prausnitzii L2-6	718252
Faecalibacterium_3	Faecalibacterium cf. prausnitzii KLE1255	748224
Faecalibacterium_0	Faecalibacterium prausnitzii A2-165	411483
Faecalibacterium_1	Faecalibacterium prausnitzii M21/2	411485
Citrobacter_6	Citrobacter freundii 4_7_47CFAA	742730
Citrobacter_7	Citrobacter sp. 30_2	469595
Citrobacter_4	Citrobacter koseri ATCC BAA-895	290338
Citrobacter_5	Citrobacter rodentium ICC168	637910
Citrobacter_2	Citrobacter youngae ATCC 29220	500640
Citrobacter_3	Citrobacter freundii UCI 31	1400136
Citrobacter_0	Citrobacter freundii ATCC 8090 = MTCC 1658	1006003
Citrobacter_1	Citrobacter amalonaticus Y19	1261127
Varibaculum_0	Varibaculum cambriense DSM 15806	1123488
Dorea_2	Dorea formicigenerans 4_6_53AFAA	742765
Dorea_1	Dorea formicigenerans ATCC 27755	411461
Dorea_0	Dorea longicatena DSM 13814	411462
Paenibacillus_4	Paenibacillus barengoltzii G22	1235795
Paenibacillus_5	Paenibacillus alvei DSM 29	1206781
Paenibacillus_0	Paenibacillus lactis 154	743719
Paenibacillus_1	Paenibacillus sp. HGF7	944559
Paenibacillus_2	Paenibacillus sp. HGF5	908341
Paenibacillus_3	Paenibacillus daejeonensis DSM 15491	1122917
Vibrio_4	Vibrio furnissii NCTC 11218	903510
Vibrio_2	Vibrio mimicus MB-451	675806
Vibrio_3	Vibrio fluvialis 560	1315312
Vibrio_0	Vibrio harveyi HY01	410291
Vibrio_1	Vibrio parahaemolyticus RIMD 2210633	223926
Limnobacter_0	Limnobacter sp. MED105	391597
Ruminococcus_9	Ruminococcus sp. 5_1_39BFAA	457412
Ruminococcus_8	Ruminococcus gauvreauii DSM 19829	1123075
Ruminococcus_3	Ruminococcus bromii L2-63	657321
Ruminococcus_2	Ruminococcus albus 8	246199
Ruminococcus_1	Ruminococcus bicirculans 80/3	1160721
Ruminococcus_0	Ruminococcus albus 7 = DSM 20455	697329
Ruminococcus_7	Ruminococcus flavefaciens ATCC 19208	1336236
Ruminococcus_6	Ruminococcus callidus ATCC 2776001	411473
Ruminococcus_5	Ruminococcus flavefaciens FD-1	641112
Ruminococcus_4	Ruminococcus lactaris ATCC 29176	471875
Enterococcus_1	Enterococcus faecalis TX2134	749518
Sideroxydans_0	Sideroxydans lithotrophicus ES-1	580332
Bifidobacterium_39	Bifidobacterium longum E18	1322347
Bifidobacterium_38	Bifidobacterium ruminantium DSM 6489	1410647
Bifidobacterium_31	Bifidobacterium longum longum JCM 1217	216816
Bifidobacterium_30	Bifidobacterium longum subsp. longum 44B	1161743
Bifidobacterium_33	Bifidobacterium sp. 12_1_47BFAA	469594
Bifidobacterium_32	Bifidobacterium animalis lactis CNCM I-2494	1042403
Bifidobacterium_35	Bifidobacterium pseudocatenulatum DSM 20438 = JCM 1200	28026
Bifidobacterium_34	Bifidobacterium dentium Bd1	401473
Bifidobacterium_37	Bifidobacterium longum DJO10A	205913
Bifidobacterium_36	Bifidobacterium coryneforme DSM 20216	1437599
Candidatus_Azobacteroides_0	Candidatus Azobacteroides pseudotrichonymphae genomovar. CFP2	511995
Salmonella_1	Salmonella enterica subsp. enterica serovar Typhi str. M223	496066
Salmonella_0	Salmonella enterica subsp. enterica serovar Weltevreden str. HI_N05-537	465518
Salmonella_3	Salmonella enterica subsp. enterica serovar Agona str. SL483	454166
Salmonella_2	Salmonella enterica subsp. enterica serovar Enteritidis str.	696865
Salmonella_5	Salmonella enterica subsp. enterica serovar Dublin str. CT_02021853	439851
Salmonella_4	Salmonella enterica subsp. enterica serovar Hadar str. RI_05P066	465516
Salmonella_7	Salmonella enterica subsp. enterica serovar Gallinarum str. 287/91	550538
Salmonella_6	Salmonella enterica subsp. enterica serovar Tennessee str. CDC07-0191	573395
Xenorhabdus_1	Xenorhabdus nematophila ATCC 19061	406817
Xenorhabdus_0	Xenorhabdus bovienii SS-2004	406818
Lachnoclostridium_12	Clostridium symbiosum ATCC 14940	411472
Leptolyngbya_0	Leptolyngbya valderiana BDU 20041	322866
Campylobacter_15	Campylobacter curvus 525.92	360105
Acidovorax_4	Acidovorax sp. JS42	232721
Acidovorax_1	Acidovorax avenae subsp. avenae ATCC 19860	643561
Acidovorax_0	Acidovorax delafieldii 2AN	573060
Acidovorax_3	Diaphorobacter sp. TPSY	535289
Acidovorax_2	Acidovorax citrulli AAC00-1	397945
Dichelobacter_0	Dichelobacter nodosus VCS1703A	246195
Lachnoclostridium_11	Clostridium symbiosum WAL-14673	742741
Campylobacter_10	Campylobacter jejuni jejuni 81-176	354242
Campylobacter_11	Campylobacter jejuni jejuni ICDCCJ07004	1295400
Lachnoclostridium_14	Clostridium citroniae WAL-17108	742733
Micrococcus_0	Micrococcus luteus NCTC 2665	465515
Micrococcus_1	Micrococcus luteus SK58	596312
Synechococcus_0	'Synechococcus sp. JA-2-3B''a(2-13)'	321332
Gemella_3	Gemella haemolysans ATCC 10379	546270
Gemella_2	Gemella sanguinis M325	562983
Gemella_1	Gemella morbillorum M424	562982
Gemella_0	Gemella sanguinis ATCC700632	1408440
Campylobacter_18	Campylobacter hyointestinalis subsp. hyointestinalis LMG 9260	1031746
Campylobacter_19	Campylobacter jejuni jejuni M1	645464
Parasutterella_0	Parasutterella excrementihominis YIT 11859	762966
Parascardovia_0	Parascardovia denticolens F0305	641144
Campylobacter_2	Bacteroides ureolyticus DSM 20703	1121102
Campylobacter_3	Campylobacter fetus subsp. fetus 82-40	360106
Campylobacter_0	Campylobacter lari RM2100	306263
Campylobacter_1	Campylobacter rectus RM3267	553218
Campylobacter_6	Campylobacter sp. 10_1_50	665939
Campylobacter_7	Campylobacter coli RM2228	306254
Campylobacter_4	Campylobacter hominis ATCC BAA-381	360107
Campylobacter_5	Campylobacter jejuni subsp. jejuni BH-01-0142	482628
Campylobacter_8	Campylobacter showae RM3277	553219
Campylobacter_9	Campylobacter upsaliensis RM3195	306264
Lautropia_0	Lautropia mirabilis ATCC 51599	887898
Lysinibacillus_0	Lysinibacillus sphaericus C3-41	444177
Lysinibacillus_1	Lysinibacillus fusiformis ZB2	1231627
Streptococcus_68	Streptococcus agalactiae CJB111	342617
Streptococcus_69	Streptococcus mitis NCTC 12261	246201
Streptococcus_62	Streptococcus sanguinis SK355	888816
Streptococcus_63	Streptococcus constellatus subsp. constellatus SK53	1095730
Streptococcus_60	Streptococcus dysgalactiae subsp. dysgalactiae ATCC 27957	663952
Streptococcus_61	Streptococcus sanguinis SK353	888815
Streptococcus_66	Streptococcus parauberis KCTC 11537	936154
Streptococcus_67	Streptococcus oralis ATCC 35037	655813
Streptococcus_64	Streptococcus pseudopneumoniae IS7493	1054460
Streptococcus_65	Streptococcus sanguinis SK160	888812
Arcobacter_0	Arcobacter butzleri RM4018	367737
Leptotrichia_1	Leptotrichia hofstadii F0254	634994
Bifidobacterium_48	Bifidobacterium animalis lactis Bi-07	742729
Pseudoflavonifractor_0	Pseudoflavonifractor capillosus strain ATCC 29799	411467
Abiotrophia_0	Abiotrophia defectiva ATCC 49176	592010
Chlorobaculum_1	Chlorobaculum parvum NCIB 8327	517417
Coprococcus_3	Coprococcus eutactus ATCC 27759	411474
Coprococcus_2	Coprococcus sp. ART55/1	751585
Coprococcus_1	Coprococcus comes ATCC 27758	470146
Coprococcus_0	Coprococcus catus GD/7	717962
Clostridium_28	Clostridium botulinum NCTC 2916	445335
Clostridium_29	Clostridium botulinum F str. 230613	758678
Clostridium_24	Clostridium botulinum Bf	445336
Clostridium_25	Clostridium cellulovorans 743B	573061
Clostridium_26	Clostridium botulinum A2 str. Kyoto	536232
Clostridium_27	Clostridium botulinum A str. ATCC 3502	413999
Clostridium_20	Clostridium kluyveri DSM 555	431943
Clostridium_21	Clostridium sporogenes ATCC 15579	471871
Clostridium_22	Clostridium sartagoforme AAU1	1202534
Clostridium_23	Clostridium perfringens B str. ATCC 3626	451754
Herbaspirillum_0	Herbaspirillum seropedicae SmR1	757424
Aneurinibacillus_0	Aneurinibacillus aneurinilyticus ATCC 12856	649747
Acholeplasma_0	Acholeplasma laidlawii PG-8A	441768
Thermomonospora_0	Thermomonospora curvata DSM 43183	471852
Escherichia_50	Escherichia coli MS 196-1	749548
Nocardiopsis_0	Nocardiopsis dassonvillei subsp. dassonvillei DSM 43111	446468
Rhizobium_0	Rhizobium etli 8C-3	538025
Raoultella_0	Raoultella planticola ATCC 33531	1005996
Prevotella_39	Prevotella melaninogenica D18	575612
Prevotella_38	Prevotella shahii JCM 12083	1122991
Prevotella_37	Prevotella oralis ATCC 33269	873533
Prevotella_36	Prevotella bergensis DSM 17361	585502
Prevotella_35	Prevotella sp. oral taxon 472 str. F0295	619693
Prevotella_34	Prevotella oris F0302	649760
Prevotella_33	Prevotella copri DSM 18205	537011
Prevotella_32	Prevotella loescheii DSM 19665 = JCM 12249 = ATCC 15930	1122985
Prevotella_31	Prevotella veroralis DSM 19559	1122993
Prevotella_30	Prevotella conceptionensis  9403948	1197728
Kingella_0	Kingella oralis ATCC 51147	629741
Kluyvera_0	Kluyvera ascorbata  ATCC 33433	1006000
Mobiluncus_4	Mobiluncus mulieris 28-1	596328
Mobiluncus_2	Mobiluncus mulieris ATCC 35239	871571
Mobiluncus_3	Mobiluncus curtisii subsp. curtisii ATCC 35241	585198
Mobiluncus_0	Mobiluncus mulieris ATCC 35243	585199
Mobiluncus_1	Mobiluncus curtisii ATCC 43063	548479
Chlorobaculum_0	Chlorobium tepidum TLS	194439
Erysipelothrix_0	Erysipelothrix rhusiopathiae ATCC 19414	525280
Rhodoferax_0	Rhodoferax ferrireducens T118	338969
Pseudoalteromonas_0	Pseudoalteromonas tunicata D2	87626
Enterococcus_10	Enterococcus faecalis PC1.1	791166
Enterococcus_11	Enterococcus faecalis TX1341	749514
Enterococcus_12	Enterococcus faecalis TX1467	749517
Enterococcus_13	Enterococcus avium ATCC 14025	1140002
Enterococcus_14	Enterococcus faecium E1636	544875
Enterococcus_15	Enterococcus faecalis S613	699185
Enterococcus_16	Enterococcus faecalis TX1322	525278
Enterococcus_17	Enterococcus asini ATCC 700915	1158606
Enterococcus_18	Enterococcus cecorum DSM 20682 = ATCC 43198	1121864
Enterococcus_19	Enterococcus gallinarum EG2	565653
Eubacterium_18	Lachnospiraceae bacterium 4_1_37FAA	552395
Eubacterium_19	Bacteroides pectinophilus ATCC 43243	483218
Eubacterium_12	candidate division TM7 single-cell isolate TM7a	447454
Eubacterium_13	Eubacterium cellulosolvens 6	633697
Eubacterium_10	Eubacterium dolichum DSM 3991	428127
Eubacterium_11	Eubacterium brachy ATCC 33089	1321814
Eubacterium_16	Lachnospiraceae bacterium 3_1_57FAA_CT1	658086
Eubacterium_17	Lachnospiraceae bacterium 3_1_46FAA	665950
Eubacterium_14	Lachnospiraceae bacterium sp. 5_1_63FAA	658089
Eubacterium_15	Eubacterium rectale ATCC 33656	515619
Shuttleworthia_0	Shuttleworthia satelles DSM 14600	626523
Idiomarina_0	Idiomarina loihiensis L2TR	283942
Thermosediminibacter_0	Thermosediminibacter oceani DSM 16646	555079
Renibacterium_0	Renibacterium salmoninarum ATCC 33209	288705
Ruminiclostridium_11	Clostridium sporosphaeroides DSM 1294	1121334
Ruminiclostridium_10	Eubacterium siraeum 70/3	657319
Ruminiclostridium_13	Clostridium clariflavum DSM 19732	720554
Ruminiclostridium_12	Eubacterium siraeum DSM 15702	428128
Eggerthia_0	Eggerthia catenaformis OT 569 = DSM 20559	999415
Sulfolobus_0	Sulfolobus solfataricus P2	273057
Shigella_3	Shigella sonnei Ss046	300269
Lactococcus_4	Lactococcus garvieae ATCC 49156	420889
Lactococcus_3	Lactococcus raffinolactis 4877	1215915
Lactococcus_2	Lactococcus lactis subsp. lactis Il1403	272623
Lactococcus_1	Lactococcus lactis subsp. cremoris MG1363	416870
Lactococcus_0	Lactococcus lactis subsp. lactis KF147	684738
Silanimonas_0	Silanimonas lenta DSM 16282	1123253
Parabacteroides_3	Parabacteroides merdae ATCC 43184	411477
Parabacteroides_2	Bacteroides sp. 20_3	469591
Parabacteroides_1	Parabacteroides johnsonii DSM 18315	537006
Parabacteroides_0	Parabacteroides sp. D13	563193
Parabacteroides_7	Parabacteroides distasonis ATCC 8503	435591
Parabacteroides_6	Parabacteroides goldsteinii dnLKV18	1235789
Parabacteroides_5	Bacteroides sp. 2_1_7	457388
Parabacteroides_4	Parabacteroides gordonii DSM 23371	1122931
Nitrobacter_0	Nitrobacter hamburgensis X14	323097
Pelotomaculum_0	Pelotomaculum thermopropionicum SI	370438
Oxalobacter_0	Oxalobacter formigenes HOxBLS	556268
Oxalobacter_1	Oxalobacter formigenes OXCC13	556269
Streptococcus_70	Streptococcus equi subsp. zooepidemicus	40041
Enterococcus_30	Enterococcus phoeniculicola ATCC BAA-412	1158610
Enterococcus_31	Enterococcus faecalis TX0104	491074
Zymoseptoria_0	Mycosphaerella graminicola IPO323	336722
Scardovia_0	Scardovia inopinata F0304	641146
Megamonas_1	Megamonas funiformis YIT 11815	742816
Polaribacter_1	Polaribacter irgensii 23-P	313594
Polaribacter_0	Polaribacter sp. MED152	313598
Clostridium_39	Clostridium ljungdahlii	1538
Clostridium_38	Clostridium paraputrificum AGR2156	1280689
Stenotrophomonas_0	Stenotrophomonas sp. SKA14	391601
Stenotrophomonas_1	Stenotrophomonas maltophilia D457	1163399
Stenotrophomonas_2	Stenotrophomonas maltophilia K279a	522373
Stenotrophomonas_3	Stenotrophomonas rhizophila PCA13	1255680
Clostridium_33	Clostridium botulinum B1 str. Okra	498213
Clostridium_31	Clostridium sp. 7_2_43FAA	411486
Clostridium_30	Clostridium sp. L2-50	457396
Clostridium_37	Clostridium perfringens E str. JGS1987	451755
Clostridium_36	Clostridium saccharoperbutylacetonicum N1-4(HMT)	931276
Clostridium_35	Clostridium sp M62/1	411489
Clostridium_34	Clostridium botulinum F str. Langeland	441772
Thauera_0	Thauera sp. MZ1T	85643
Butyricicoccus_1	Eubacterium desmolans ATCC 43058	1408437
Bacteroides_11	Bacteroides sp. 4_1_36	457393
Bacteroides_10	Bacteroides coprocola M16, DSM 17136	310298
Bacteroides_13	Bacteroides intestinalis 341, DSM 17393	329854
Bacteroides_12	Bacteroides dorei	357276
Bacteroides_15	Bacteroides sp. 1_1_14	469585
Bacteroides_14	Bacteroides intestinalis DSM 17393	471870
Bacteroides_17	Bacteroides clarus YIT 12056	762984
Bacteroides_16	Bacteroides sp. 3_1_33FAA	457391
Bacteroides_19	Bacteroides sp. D20	585543
Bacteroides_18	Bacteroides fragilis 638R	862962
Aggregatibacter_2	Aggregatibacter actinomycetemcomitans D7S-1	694569
Aggregatibacter_0	Aggregatibacter aphrophilus NJ8700	634176
Aggregatibacter_1	Aggregatibacter actinomycetemcomitans D11S-1	668336
Treponema_2	Treponema vincentii ATCC 35580	596324
Treponema_1	Treponema pallidum subsp. pallidum SS14	455434
Treponema_0	Treponema denticola ATCC 35405	243275
Escherichia_47	Escherichia coli IHE3034	714962
Escherichia_46	Escherichia coli MS 117-3	749539
Escherichia_45	Escherichia coli O55:H7 str. CB9615	701177
Escherichia_44	Escherichia coli OP50	637912
Escherichia_43	Escherichia fergusonii ATCC 35469	585054
Escherichia_42	Shigella sp. D9	556266
Escherichia_41	Escherichia coli MS 107-1	679207
Paraprevotella_0	Paraprevotella clara YIT 11840	762968
Escherichia_49	Escherichia coli FVEC1412	656380
Escherichia_48	Escherichia coli FVEC1302	656379
Streptomyces_1	Streptomyces albus J1074	457425
Streptomyces_0	Streptomyces roseosporus NRRL 11379	457430
Streptomyces_3	Streptomyces sp. C	253839
Streptomyces_2	Streptomyces sp. SPB74	465543
Kandleria_0	Kandleria vitulina DSM 20405	1410657
Chromobacterium_0	Chromobacterium violaceum ATCC 12472	243365
Filifactor_0	Filifactor alocis ATCC 35896	546269
Prevotella_28	Prevotella veroralis F0319	649761
Prevotella_29	Prevotella bivia DSM 20514	868129
Prevotella_20	Prevotella timonensis 4401737 = DSM 22865 = JCM 15640	1122992
Prevotella_21	Prevotella denticola DSM20614	1122982
Prevotella_22	Prevotella disiens JCM 6334 = ATCC 29426	1235811
Prevotella_23	Prevotella corporis DSM 18810	1122981
Prevotella_24	Prevotella bryantii  C21a 	752555
Prevotella_25	Prevotella multiformis DSM 16608	888743
Prevotella_26	Prevotella disiens FB035-09AN	866771
Prevotella_27	Prevotella sp. oral taxon 317 str. F0108	575615
Arcanobacterium_0	Arcanobacterium haemolyticum DSM 20595	644284
Listeria_8	Listeria monocytogenes 08-5578	653938
Listeria_9	Listeria monocytogenes FSL R2-561	393126
Laribacter_0	Laribacter hongkongensis HLHK9	557598
Listeria_1	Listeria monocytogenes 4a L99	565047
Listeria_2	Listeria monocytogenes SLCC 2540	879089
Listeria_3	Listeria monocytogenes J0161, FSL R2-499	393130
Listeria_4	Listeria innocua ATCC 33091	1002366
Listeria_5	Listeria innocua Clip11262	272626
Listeria_6	Listeria monocytogenes serotype 7 SLCC 2482	863767
Listeria_7	Listeria monocytogenes FSL R2-503	393125
Oenococcus_0	Oenococcus oeni AWRIB429	655225
Corynebacterium_16	Corynebacterium ammoniagenes DSM 20306	649754
Corynebacterium_17	Corynebacterium pseudogenitalium ATCC 33035	525264
Corynebacterium_14	Corynebacterium striatum ATCC 6940	525268
Corynebacterium_15	Corynebacterium resistens DSM 45100	662755
Corynebacterium_12	Corynebacterium propinquum DSM 44285	1121367
Corynebacterium_13	Corynebacterium jeikeium ATCC 43734	525262
Corynebacterium_10	Corynebacterium aurimucosum ATCC 700975	548476
Corynebacterium_11	Corynebacterium ulcerans 809	945711
Enterococcus_25	Enterococcus faecalis HH22	491075
Enterococcus_24	Enterococcus faecium TX1330	525279
Enterococcus_27	Enterococcus faecium E1679	546340
Enterococcus_26	Enterococcus faecalis AR01/DG	565651
Enterococcus_21	Enterococcus faecalis TX0860	749512
Enterococcus_20	Enterococcus faecalis TX1302	749513
Corynebacterium_18	Corynebacterium urealyticum DSM 7109	504474
Corynebacterium_19	Corynebacterium kroppenstedtii DSM 44385	645127
Fusobacterium_22	Fusobacterium ulcerans ATCC 49185	469617
Fusobacterium_23	Fusobacterium nucleatum subsp. animalis ATCC 51191	997347
Fusobacterium_20	Fusobacterium periodonticum 1_1_41FAA	469621
Fusobacterium_21	Fusobacterium nucleatum subsp. vincentii 3_1_27	469602
Croceibacter_0	Croceibacter atlanticus HTCC2559	216432
Bulleidia_0	Bulleidia extructa W1219	679192
Chryseobacterium_0	Chryseobacterium gleum ATCC 35910	525257
Salmonella_11	Salmonella enterica subsp. enterica serovar Javiana str. GA_MM04042433	454167
Salmonella_10	Salmonella enterica subsp. enterica serovar Paratyphi B str. SPB7	1016998
Brevundimonas_1	Brevundimonas diminuta 470-4	1035191
Brevundimonas_0	Brevundimonas bacteroides DSM 4726	1121124
Salmonella_14	Salmonella enterica enterica sv Typhimurium LT2	99287
Ruminiclostridium_5	Clostridium viride DSM 6836	1121344
Ruminiclostridium_4	Clostridium thermocellum DSM 4150	492476
Ruminiclostridium_7	Eubacterium siraeum V10Sc8a	717961
Ruminiclostridium_6	Clostridium methylpentosum DSM 5476	537013
Ruminiclostridium_1	Clostridium methylpentosum R2, DSM 5476	84026
Ruminiclostridium_0	Clostridium cellobioparum DSM 1351 = ATCC 15832	1121303
Ruminiclostridium_3	Clostridium papyrosolvens DSM 2782	588581
Ruminiclostridium_2	Clostridium cellulolyticum H10	394503
Ruminiclostridium_9	Clostridium thermocellum DSM 2360	572545
Ruminiclostridium_8	Clostridium leptum DSM 753	428125
Bifidobacterium_13	Bifidobacterium longum subsp. longum JCM 1217	565042
Bifidobacterium_12	Bifidobacterium adolescentis L2-32	411481
Bifidobacterium_11	Bifidobacterium animalis lactis AD011	442563
Bifidobacterium_10	Bifidobacterium scardovii JCM 12489 = DSM 13734	1150461
Bifidobacterium_17	Bifidobacterium longum subsp. longum F8	722911
Bifidobacterium_16	Bifidobacterium breve UCC2003 (NCIMB8807)	326426
Bifidobacterium_15	Bifidobacterium longum longum ATCC 55813	548480
Bifidobacterium_14	Bifidobacterium angulatum DSM 20098	518635
Bifidobacterium_19	Bifidobacterium longum longum BBMN68	890402
Bifidobacterium_18	Bifidobacterium dentium ATCC 27679	871562
Mitsuokella_0	Mitsuokella jalaludinii DSM 13811	1410665
Mitsuokella_1	Mitsuokella multacida DSM 20544	500635
Bacillus_49	Bacillus cereus m1293	526973
Bacillus_48	Bacillus thuringiensis BMB171	714359
Bacillus_45	Bacillus cereus AH1134	405533
Burkholderia_0	Burkholderia cepacia GG4	1009846
Burkholderia_3	Burkholderia sp. 383	482957
Burkholderia_2	Burkholderia cenocepacia MC0-3	406425
Bacillus_41	Bacillus thuringiensis serovar thuringiensis str. T01001	527025
Burkholderia_4	Burkholderia cenocepacia J2315	216591
Bacillus_43	Bacillus cereus B4264	405532
Bacillus_42	Bacillus thuringiensis serovar berliner ATCC 10792	527031
Brachyspira_2	Brachyspira pilosicoli 95/1000	759914
Capnocytophaga_3	Capnocytophaga granulosa ATCC 51502	641143
Brachyspira_0	Brachyspira hyodysenteriae WA1	565034
Brachyspira_1	Brachyspira pilosicoli B2904	1133568
Brevibacillus_3	Brevibacillus borstelensis AK1	1300222
Finegoldia_1	Finegoldia magna ACS-171-V-Col3	768713
Finegoldia_0	Finegoldia magna ATCC 53516	525282
Finegoldia_2	Finegoldia magna ATCC 29328	334413
Enterococcus_45	Enterococcus faecium D344SRF	565665
Micromonospora_0	Micromonospora aurantiaca ATCC 27029	644283
Enterococcus_44	Enterococcus sp. 7L76	657310
Enterococcus_43	Enterococcus hirae ATCC 9790	768486
Enterococcus_42	Enterococcus faecalis TX4248	749495
Bifidobacterium_9	Bifidobacterium longum longum CCUG 52486	537937
Bifidobacterium_8	Bifidobacterium longum longum JDM301	759350
Enterococcus_41	Enterococcus faecium E1039	645663
Bifidobacterium_3	Bifidobacterium longum subsp. infantis ATCC 15697	391904
Bifidobacterium_2	Bifidobacterium dentium ATCC 27678	473819
Bifidobacterium_1	Bifidobacterium bifidum PRL2010	702459
Bifidobacterium_0	Bifidobacterium boum DSM 20432	1410645
Bifidobacterium_7	Bifidobacterium bifidum BGN4	484020
Bifidobacterium_6	Bifidobacterium catenulatum DSM 16992 = JCM 1194	1686
Bifidobacterium_5	Bifidobacterium adolescentis ATCC 15703	367928
Bifidobacterium_4	Bifidobacterium longum infantis 157F-NC	565040
Clavibacter_0	Clavibacter michiganensis subsp. michiganensis NCPPB 382	443906
Bacteroides_9	Bacteroides sp. 2_1_33B	469589
Bacteroides_8	Bacteroides sp. 3_1_40A	469593
Bacteroides_1	Bacteroides coprophilus DSM 18228	547042
Bacteroides_0	Bacteroides vulgatus ATCC 8482	435590
Bacteroides_3	Bacteroides eggerthii 1_2_48FAA	665953
Bacteroides_2	Bifidobacterium stercoris ATCC 43183	46506
Bacteroides_5	Bacteroides ovatus ATCC 8483	411476
Bacteroides_4	Bacteroides oleiciplenus YIT 12058	742727
Bacteroides_7	Bacteroides caccae ATCC 43185	411901
Bacteroides_6	Bacteroides ovatus 3_8_47FAA	665954
Marvinbryantia_0	Bryantella formatexigens DSM 14469	478749
Marvinbryantia_1	Marvinbryantia formatexigens I-52, DSM 14469	168384
Actinomyces_5	Actinomyces urogenitalis DSM 15434	525246
Actinomyces_4	Actinomyces turicensis ACS-279-V-Col4	883077
Actinomyces_7	Actinomyces massiliensis F0489	1125718
Actinomyces_6	Actinomyces naeslundii str. Howell 279	1115803
Actinomyces_1	Actinomyces cardiffensis F0333	888050
Actinomyces_0	Actinomyces georgiae  DSM 6843	1120942
Actinomyces_3	Actinomyces viscosus C505	562973
Actinomyces_2	Actinomyces sp. oral taxon 171 str. F0337	706439
Actinomyces_9	Actinomyces sp. oral taxon 848 str. F0332	649743
Actinomyces_8	Actinomyces oris K20	871541
Dialister_1	Dialister succinatiphilus YIT 11850	742743
Dialister_0	Dialister invisus DSM 15470	592028
Peptostreptococcus_0	Peptostreptococcus anaerobius 653-L	596329
Peptostreptococcus_1	Peptostreptococcus stomatis DSM 17678	596315
Peptostreptococcus_2	Peptostreptococcus anaerobius DSM 2949	1035196
Escherichia_32	Escherichia coli MS 153-1	749541
Escherichia_33	Escherichia coli MS 146-1	749540
Escherichia_30	Escherichia coli MS 119-7	679206
Escherichia_31	Escherichia coli 042	216592
Escherichia_36	Escherichia coli MS 57-2	749529
Escherichia_37	Escherichia coli str. K-12 substr. MG1655	511145
Escherichia_34	Escherichia coli MS 16-3	749542
Escherichia_35	Escherichia coli MS 145-7	679204
Escherichia_38	Escherichia coli B354	550677
Escherichia_39	Escherichia coli MS 124-1	679205
Butyricimonas_1	Butyricimonas synergistica DSM 23225	1121129
Butyricimonas_0	Butyricimonas virosa DSM 23226	1121130
Catonella_0	Catonella morbi ATCC 51271	592026
Lactobacillus_50	Lactobacillus rhamnosus ATCC 21052	1002365
Lactobacillus_51	Lactobacillus amylovorus GRL 1112	695560
Lactobacillus_52	Lactobacillus delbrueckii subsp. bulgaricus ATCC 11842	390333
Lactobacillus_53	Lactobacillus jensenii 27-2-CHN	575606
Lactobacillus_54	Lactobacillus gasseri MV-22	559301
Lactobacillus_55	Lactobacillus sp. 7_1_47FAA	665945
Lactobacillus_56	Lactobacillus gasseri 202-4	630527
Lactobacillus_57	Lactobacillus plantarum JDM1	644042
Lactobacillus_58	Lactobacillus crispatus MV-1A-US	575596
Lactobacillus_59	Lactobacillus gastricus PS3	1144300
Campylobacter_14	Campylobacter jejuni RM1221	195099
Lachnoclostridium_13	Clostridium saccharolyticum WM1	610130
Campylobacter_16	Campylobacter showae CSUNSWCD	1244083
Campylobacter_17	Campylobacter concisus 13826	360104
Bacteroides_28	Bacteroides graminisolvens DSM 19988 	1121097
Bacteroides_29	Bacteroides fluxus YIT 12057	763034
Campylobacter_12	Campylobacter coli JV20	864566
Campylobacter_13	Campylobacter jejuni subsp. jejuni HB93-13	360112
Bacteroides_24	Bacteroides faecis MAJ27	1077285
Bacteroides_25	Bacteroides dorei DSM 17855	483217
Bacteroides_26	Bacteroides pyogenes DSM20611	1121100
Bacteroides_27	Bacteroides sp. 2_1_56FAA	665938
Bacteroides_20	Bacteroides ovatus SD CC 2a	702444
Bacteroides_21	Bacteroides sp. 1_1_30	457387
Bacteroides_22	Bacteroides finegoldii DSM 17565	483215
Bacteroides_23	Bacteroides sp. 2_2_4	469590
Erythrobacter_0	Erythrobacter sp. NAP1	237727
Tatumella_0	Tatumella ptyseos ATCC 33301	1005995
Coprobacillus_4	Coprobacillus sp. 8_2_54BFAA	469597
Coprobacillus_2	Coprobacillus sp. D7	556270
Coprobacillus_3	Coprobacillus sp. D6	556262
Coprobacillus_0	Coprobacillus sp. 29_1	469596
Coprobacillus_1	Coprobacillus sp. 3_3_56FAA	665941
Dysgonomonas_0	Dysgonomonas gadei ATCC BAA-286	742766
Methanobrevibacter_0	Methanobrevibacter ruminantium M1	634498
Methanobrevibacter_1	Methanobrevibacter smithii ATCC 35061	420247
Flavobacterium_1	Flavobacterium psychrophilum JIP02/86	402612
Flavobacterium_0	Flavobacterium johnsoniae UW101	376686
Hafnia_0	Hafnia alvei ATCC 51873	1002364
Enterococcus_38	Enterococcus faecium U0317	547468
Enterococcus_39	Enterococcus dispar ATCC 51266	1139219
Enterococcus_32	Enterococcus faecalis TX0109	749502
Enterococcus_33	Enterococcus faecalis TX0855	749511
Acetomicrobium_0	Anaerobaculum hydrogeniformans ATCC BAA-1850	592015
Acetomicrobium_1	Anaerobaculum hydrogeniformans OS1, ATCC BAA-1850	649746
Enterococcus_36	Enterococcus saccharolyticus 30_1	742813
Enterococcus_37	Enterococcus durans ATCC 6056	1140001
Enterococcus_34	Enterococcus casseliflavus ATCC 12755	888066
Enterococcus_35	Enterococcus faecalis OG1RF, ATCC 47077	474186
Yersinia_7	Yersinia frederiksenii ATCC 33641	349966
Yersinia_6	Yersinia intermedia ATCC 29909	349965
Yersinia_5	Yersinia rohdei ATCC 43380	527004
Yersinia_4	Yersinia kristensenii ATCC 33638	527012
Yersinia_3	Yersinia pestis biovar Antiqua str. E1979001	360099
Yersinia_2	Yersinia pestis biovar Orientalis str. IP275	373665
Yersinia_1	Yersinia enterocolitica subsp. enterocolitica 8081	393305
Yersinia_0	Yersinia pestis biovar Medievalis str. Harbin 35	547048
Yersinia_9	Yersinia bercovieri ATCC 43970	349968
Yersinia_8	Yersinia pestis Z176003	637386
Eubacterium_34	Lachnospiraceae bacterium 7_1_58FAA	658087
Eubacterium_35	Eubacterium rectale DSM 17629	657318
Eubacterium_36	Eubacterium sulci ATCC 35585	888727
Eubacterium_37	Eubacterium saphenum ATCC 49989	592031
Eubacterium_30	Eubacterium rectale M104/1	657317
Eubacterium_31	Clostridium hiranonis DSM 13275	500633
Eubacterium_32	Flavobacteriales bacterium ALC-1	391603
Eubacterium_33	Clostridium hiranonis TO-931 DSM 13275	89152
Eubacterium_38	Lachnospiraceae bacterium 9_1_43BFAA	658088
Eubacterium_39	Eubacterium ventriosum ATCC 27560	411463
Clostridioides_0	Clostridium difficile NAP08	525259
Clostridioides_1	Clostridium difficile QCD-63q42	479831
Clostridioides_2	Clostridium difficile 70-100-2010	1002369
Clostridioides_3	Clostridium difficile CD196	645462
Clostridioides_4	Clostridium difficile BI1	699034
Clostridioides_5	Clostridium difficile M120	699035
Clostridioides_6	Clostridium difficile NAP07	525258
Clostridioides_7	Clostridium difficile ATCC 43255	499175
Clostridioides_8	Clostridium difficile CF5	699036
Clostridioides_9	Clostridium difficile M68	699037
Staphylococcus_42	Staphylococcus aureus A9754	553590
Streptococcus_7	Streptococcus peroris ATCC 700780	888746
Streptococcus_6	Streptococcus sp. oral taxon 071 str. 73H25AP	864570
Streptococcus_5	Streptococcus pneumoniae TCH8431/19A	525381
Streptococcus_4	Streptococcus constellatus subsp. pharyngis SK1060	1035184
Streptococcus_3	Streptococcus sanguinis SK72	888809
Streptococcus_2	Streptococcus salivarius SK126	596322
Streptococcus_1	Streptococcus pyogenes ATCC 10782	864568
Streptococcus_0	Streptococcus sanguinis SK150	888811
Thermobispora_0	Thermobispora bispora DSM 43833	469371
Streptococcus_9	Streptococcus agalactiae 515	342614
Streptococcus_8	Streptococcus agalactiae H36B	342615
Staphylococcus_43	Staphylococcus aureus A8796	553577
Mageeibacillus_0	Clostridiales genomosp. BVAB3 str. UPII9-5	699246
Brevibacterium_1	Brevibacterium casei S18	1229781
Brevibacterium_0	Brevibacterium massiliense 5401308	1176165
Brevibacterium_3	Brevibacterium linens BL2	321955
Brevibacterium_2	Brevibacterium mcbrellneri ATCC 49030	585530
Eikenella_0	Eikenella corrodens ATCC 23834	546274
Desulfovibrio_11	Desulfovibrio vulgaris str. Hildenborough	882
Desulfovibrio_10	Desulfovibrio desulfuricans subsp. desulfuricans DSM 642	1121445
Granulicatella_1	Granulicatella adiacens ATCC 49175	638301
Lactobacillus_38	Lactobacillus reuteri F275, JCM 1112	1598
Candidatus_Stoquefichus_0	Stoquefichus massiliensis AP9	1211844
Granulicatella_0	Granulicatella elegans ATCC 700633	626369
Rothia_2	Rothia dentocariosa ATCC 17931	762948
Rothia_3	Rothia aeria F0474	1125724
Rothia_0	Rothia dentocariosa M567	563032
Rothia_1	Rothia mucilaginosa ATCC 25296	553201
Tropheryma_0	Tropheryma whipplei str. Twist	203267
Rothia_4	Rothia mucilaginosa DY-18	680646
Listeria_12	Listeria monocytogenes 4b F2365	265669
Listeria_13	Listeria monocytogenes 08-5923	637381
Listeria_10	Listeria monocytogenes SLCC 7179	879090
Listeria_11	Listeria monocytogenes Finland 1988	393127
Listeria_14	Listeria grayi DSM 20601	525367
Anaerostipes_3	Anaerostipes caccae DSM 14662	411490
Anaerostipes_2	Anaerostipes hadrus DSM 3319	649757
Anaerostipes_1	butyrate-producing bacterium SSC/2	649756
Anaerostipes_0	Anaerostipes sp. 3_2_56FAA	665937
Symbiobacterium_0	Symbiobacterium thermophilum IAM 14863	292459
Dickeya_0	Dickeya dadantii Ech586	590409
Dickeya_1	Dickeya zeae Ech1591	561229
Desulfovibrio_9	Desulfovibrio desulfuricans subsp. desulfuricans str. ATCC 27774	525146
Desulfovibrio_8	'Desulfovibrio vulgaris str. ''Miyazaki F'''	883
Desulfovibrio_3	Desulfovibrio vulgaris RCH1	573059
Hungatella_0	Clostridium hathewayi DSM 13479	566550
Desulfovibrio_1	Desulfovibrio vulgaris DP4	391774
Desulfovibrio_0	Desulfovibrio piger ATCC 29098	411464
Desulfovibrio_7	Desulfovibrio sp. 3_1_syn3	457398
Desulfovibrio_6	Desulfovibrio sp. FW1012B	644968
Desulfovibrio_5	Desulfovibrio sp. 6_1_46AFAA	665942
Desulfovibrio_4	Desulfovibrio magneticus RS-1	573370
Cellulosilyticum_0	Cellulosilyticum lentocellum DSM 5427	642492
Hungatella_2	Clostridium hathewayi 12489931	999412
Leptothrix_0	Leptothrix cholodnii SP-6	395495
Simonsiella_0	Simonsiella muelleri ATCC 29453	641147
Desulfomicrobium_0	Desulfomicrobium baculatum DSM 4028	525897
unclassified_Bacteria_0	candidate division TM7 genomosp. GTL1	443342
unclassified_Bacteria_1	candidate division TM7 single-cell isolate TM7c	447456
Escherichia_21	Escherichia sp. 3_2_53FAA	469598
Escherichia_20	Escherichia coli MS 110-3	749536
Escherichia_23	Escherichia coli O26:H11 str. 11368	573235
Escherichia_22	Escherichia coli MS 200-1	749550
Escherichia_25	Escherichia coli O157:H7 str. Sakai	386585
Escherichia_24	Escherichia coli MS 45-1	749528
Escherichia_27	Escherichia coli MS 187-1	749547
Escherichia_26	Escherichia albertii KF1	1440052
Escherichia_29	Escherichia coli MS 115-1	749537
Escherichia_28	Escherichia coli MS 69-1	749531
Staphylococcus_11	Staphylococcus aureus subsp. aureus WBG10049	585160
Staphylococcus_10	Staphylococcus vitulinus F1028	1167632
Staphylococcus_13	Staphylococcus aureus subsp. aureus MN8	548470
Staphylococcus_12	Staphylococcus aureus subsp. aureus 58-424	585144
Staphylococcus_15	Staphylococcus hominis subsp. hominis C80	435837
Staphylococcus_14	Staphylococcus saprophyticus subsp. saprophyticus ATCC 15305	342451
Staphylococcus_17	Staphylococcus aureus subsp. aureus ED98	681288
Staphylococcus_16	Staphylococcus epidermidis SK135	596317
Staphylococcus_19	Staphylococcus aureus subsp. aureus M809	585157
Staphylococcus_18	Staphylococcus xylosus NJ	1262650
Lactobacillus_43	Lactobacillus fermentum IFO 3956	334390
Lactobacillus_42	Lactobacillus casei ATCC 334	321967
Lactobacillus_41	Lactobacillus reuteri MM4-1A 	548485
Lactobacillus_40	Lactobacillus reuteri 100-23	349123
Lactobacillus_47	Lactobacillus curvatus CRL 705	1074451
Lactobacillus_46	Lactobacillus crispatus 125-2-CHN	575595
Lactobacillus_45	Lactobacillus salivarius HO66, ATCC 11741	1624
Lactobacillus_44	Lactobacillus acidophilus NCFM	272621
Lactobacillus_49	Lactobacillus helveticus DPC 4571	405566
Lactobacillus_48	Lactobacillus salivarius ACS-116-V-Col5a	768728
Cetobacterium_0	Cetobacterium somerae ATCC BAA-47401	1319815
Bacteroides_39	Bacteroides xylanisolvens SD CC 1b	702447
Bacteroides_38	Bacteroides sp. D22	585544
Bacteroides_33	Bacteroides sp. D1	556258
Bacteroides_32	Bacteroides sp. D2	556259
Bacteroides_31	Bacteroides sp. 2_1_22	469588
Bacteroides_30	Bacteroides thetaiotaomicron VPI-5482	226186
Bacteroides_37	Bacteroides sp. 3_1_23	457390
Bacteroides_36	Bacteroides plebeius DSM 17135	484018
Bacteroides_35	Bacteroides fragilis NCTC 9343	272559
Bacteroides_34	Bacteroides sp. D4	556260
Nitrosospira_0	Nitrosospira multiformis ATCC 25196	323848
Mycoplasma_10	Mycoplasma mycoides subsp. mycoides SC str. PG1	272632
Psychromonas_0	Psychromonas sp. CNPT3	314282
Lawsonia_0	Lawsonia intracellularis PHE/MN1-00	363253
Akkermansia_0	Akkermansia muciniphila ATCC BAA-835	349741
unclassified_Burkholderiales_0	Burkholderiales bacterium 1_1_47	469610
Fusobacterium_19	Fusobacterium sp. 4_8	469607
Kurthia_0	Kurthia massiliensis  JC30	1033739
Fusobacterium_18	Fusobacterium nucleatum subsp. vincentii 3_1_36A2	469604
Fusobacterium_13	Fusobacterium nucleatum subsp. animalis 7_1	457405
Fusobacterium_12	Fusobacterium nucleatum subsp. animalis D11	556264
Klebsiella_7	Hafnia alvei BIDMC 31	1328337
Klebsiella_6	Klebsiella pneumoniae subsp. rhinoscleromatis ATCC 13884	667127
Klebsiella_5	Klebsiella sp. 4_1_44FAA	665944
Klebsiella_4	Klebsiella sp. 1_1_55	469608
Klebsiella_3	Klebsiella pneumoniae pneumoniae MGH78578	1328388
Klebsiella_2	Klebsiella sp. MS 92-3	749535
Klebsiella_1	Klebsiella variicola At-22	640131
Klebsiella_0	Enterobacter aerogenes KCTC 2190	1028307
Eubacterium_23	Eubacterium ramulus ATCC 29099	1256908
Eubacterium_22	Eubacterium sp. 3_1_31	457402
Eubacterium_21	delta proteobacterium NaphS2	88274
Eubacterium_20	Bacteroidetes oral taxon 274 str. F0058	575590
Eubacterium_27	Lachnospiraceae bacterium 2_1_46FAA	742723
Eubacterium_26	Ruminococcaceae bacterium D16	552398
Eubacterium_25	Lachnospiraceae bacterium sp. 8_1_57FAA	665951
Eubacterium_24	Eubacterium hallii L2-7	411487
Fusobacterium_17	Fusobacterium gonidiaformans ATCC 25563	469615
Eubacterium_29	Eubacterium hallii DSM 3353	411469
Eubacterium_28	Baumannia cicadellinicola str. Hc (Homalodisca coagulata)	374463
Fusobacterium_16	Fusobacterium sp. 12_1B	457404
Methylibium_0	Methylibium petroleiphilum PM1	420662
Fusobacterium_15	Fusobacterium russii ATCC 25533	1278306
Peptoniphilus_6	Peptoniphilus sp. oral taxon 836 str. F0141	768724
Peptoniphilus_7	Peptoniphilus duerdenii ATCC BAA-1640	862517
Peptoniphilus_4	Peptoniphilus indolicus ATCC 29427	997350
Peptoniphilus_5	Peptoniphilus lacrimalis DSM 7455	1122949
Peptoniphilus_2	Peptoniphilus harei ACS-146-V-Sch2b	908338
Peptoniphilus_3	Peptoniphilus sp. oral taxon 386 str. F0131	575609
Peptoniphilus_0	Bacillus timonensis JC401	1095770
Peptoniphilus_1	Peptoniphilus lacrimalis 315-B	596330
Catenibacterium_0	Catenibacterium mitsuokai DSM 15897	451640
Eggerthella_0	Eggerthella lenta DSM 2243	479437
Ethanoligenens_0	Ethanoligenens harbinense YUAN-3	663278
Bacillus_8	Bacillus flexus 27Col1.1E	1292043
Bacillus_9	Bacillus clausii KSM-K16	66692
Bacillus_4	Bacillus endophyticus 2102	1196029
Bacillus_5	Bacillus cereus ATCC 14579	226900
Bacillus_6	Bacillus cereus BDRD-ST24	526974
Zunongwangia_0	Zunongwangia profunda SM-A87	655815
Bacillus_0	Bacillus atrophaeus ATCC 49822-1	743710
Bacillus_1	Bacillus cereus 172560W	526967
Bacillus_2	Bacillus sp. 7_6_55CFAA_CT2	665957
Bacillus_3	Bacillus cereus Rock1-15	526982
Atlantibacter_0	Escherichia hermannii NBRC 105704	1115512
Eggerthella_2	Eggerthella sp. YY7918	502558
Eggerthella_3	Eggerthella sp. 1_3_56FAA	665943
Kineococcus_0	Kineococcus radiotolerans SRS30216	266940
Bacillus_27	Bacillus infantis NRRL B-14911	1367477
Bacillus_26	Bacillus thuringiensis serovar kurstaki str. T03a001	527023
Bacillus_25	Bacillus halodurans C-125	272558
Bacillus_24	Bacillus thermoamylovorans	35841
Bacillus_23	Bacillus firmus DS1	1307436
Bacillus_22	Bacillus cereus Q1	361100
Bacillus_21	Bacillus cereus AH676	526991
Bacillus_20	Bacillus cereus G9842	405531
Bacillus_29	Bacillus vallismortis DV1-F-3	1051502
Bacillus_28	Bacillus cereus Rock4-2	526987
Holdemanella_0	Eubacterium biforme DSM 3989	518637
Azoarcus_0	Azoarcus sp. BH72	62928
Weissella_2	Weissella cibaria KACC 11862	911104
Weissella_1	Weissella paramesenteroides ATCC 33313	585506
Weissella_0	Weissella confusa LBAE C39-2	1127131
Aerococcus_0	Aerococcus viridans ATCC 11563	655812
Desulfovibrio_2	Desulfovibrio aespoeensis Aspo-2	643562
Kordia_0	Kordia algicida OT-1	391587
Curtobacterium_0	Curtobacterium flaccumfaciens UCD-AKU	1292022
Sebaldella_0	Sebaldella termitidis ATCC 33386	526218
Actinomyces_11	Actinomyces graevenitzii C83	435830
Actinomyces_10	Actinomyces odontolyticus F0309	649742
Actinomyces_13	Actinomyces odontolyticus ATCC 17982	411466
Actinomyces_12	Actinomyces coleocanis DSM 15436	525245
unclassified_Clostridiales_0	Clostridiales sp. 1_7_47FAA	457421
unclassified_Clostridiales_1	butyrate-producing bacterium SM4/1	245012
unclassified_Clostridiales_2	butyrate-producing bacterium SS3/4	245014
Gordonibacter_1	Gordonibacter pamelaeae 7-10-1-b	657308
Gordonibacter_0	Gordonibacter pamelaeae 7-10-1-bT, DSM 19378	471189
Nocardia_0	Nocardia farcinica IFM 10152	247156
Rhodococcus_2	Rhodococcus rhodochrous ATCC 21198	1429046
Rhodococcus_0	Rhodococcus equi NBRC 101255 = C 701	525370
Rhodococcus_1	Rhodococcus equi ATCC 33707	1219013
Escherichia_18	Escherichia coli SE15	431946
Escherichia_19	Escherichia coli UTI89 (UPEC)	364106
Escherichia_14	Escherichia coli MS 85-1	679202
Escherichia_15	Escherichia coli MS 21-1	749527
Escherichia_16	Escherichia coli 83972	525281
Terrisporobacter_0	Clostridium glycolicum ATCC 14880 = DSM 1288	1121315
Escherichia_10	Escherichia coli B185	550676
Escherichia_11	Escherichia coli MS 198-1	749549
Escherichia_12	Escherichia sp. 4_1_40B	457401
Escherichia_13	Escherichia coli MS 185-1	749546
Desulfotomaculum_0	Desulfotomaculum acetoxidans DSM 771	485916
Prevotella_9	Prevotella buccalis ATCC 35310	679190
Prevotella_8	Prevotella ruminicola 23	264731
Geobacillus_0	Geobacillus sp. G11MC16	495036
Geobacillus_1	Geobacillus vulcani PSS1	1382315
Prevotella_3	Prevotella melaninogenica ATCC 25845	553174
Prevotella_2	Prevotella buccae ATCC 33574	873513
Prevotella_5	Prevotella bryantii B14	1280705
Prevotella_4	Prevotella sp. oral taxon 299 str. F0039	575614
Prevotella_7	Prevotella denticola F0289	767031
Prevotella_6	Prevotella brevis ATCC 19188	1408472
Cutibacterium_3	Propionibacterium acnes SK137	553199
Cutibacterium_2	Propionibacterium acnes KPA171202	267747
Cutibacterium_1	Propionibacterium avidum 44067	1170318
Cutibacterium_0	Propionibacterium acnes SK187	686659
Cutibacterium_6	Propionibacterium acnes J139	679194
Cutibacterium_5	Propionibacterium granulosum DSM 20700 	1160719
Cutibacterium_4	Propionibacterium acnes J165	679195
Lactobacillus_76	Lactobacillus reuteri MM2-3 	585517
Lactobacillus_77	Lactobacillus gasseri ATCC 33323	324831
Lactobacillus_74	Lactobacillus salivarius salivarius UCC118	362948
Lactobacillus_75	Lactobacillus ruminis ATCC 25644	525362
Lactobacillus_72	Lactobacillus jensenii 208-1	596326
Lactobacillus_73	Lactobacillus delbrueckii subsp. lactis DSM 20072	888027
Lactobacillus_70	Lactobacillus ultunensis DSM 16047	525365
Lactobacillus_71	Lactobacillus rhamnosus LMS2-1	525361
Roseburia_0	Roseburia hominis A2-183	585394
Roseburia_1	Roseburia intestinalis L1-82	536231
Lactobacillus_78	Lactobacillus fermentum ATCC 14931	525325
Roseburia_3	Roseburia intestinalis XB6B4	718255
Grimontia_0	Grimontia hollisae CIP 101886	675812
Aeromonas_1	Aeromonas hydrophila subsp. hydrophila ATCC 7966	380703
Aeromonas_0	Aeromonas jandaei Riv2	1458276
Aeromonas_3	Aeromonas veronii B565	998088
Aeromonas_2	Aeromonas media WS	1208104
Alcaligenes_0	Alcaligenes faecalis subsp. faecalis NCIB 8687	1156918
Alcaligenes_1	Alcaligenes faecalis subsp. faecalis NBRC 13111	1218102
Mycoplasma_3	Mycoplasma agalactiae PG2	347257
Mycoplasma_2	Mycoplasma crocodyli MP145	512564
Mycoplasma_1	Mycoplasma hominis	2098
Mycoplasma_0	Mycoplasma mobile 163K	267748
Mycoplasma_7	Mycoplasma pneumoniae 309	1112856
Mycoplasma_6	Mycoplasma pulmonis UAB CTIP	272635
Mycoplasma_5	Mycoplasma capricolum subsp. capricolum ATCC 27343	340047
Mycoplasma_4	Mycoplasma alligatoris A21JP2	747682
Mycoplasma_9	Mycoplasma arthritidis 158L3-1	243272
Mycoplasma_8	Mycoplasma hominis ATCC 23114	347256
Verminephrobacter_0	Verminephrobacter eiseniae EF01-2	391735
Cronobacter_0	Cronobacter sakazakii ATCC BAA-894	290339
Cronobacter_1	Cronobacter turicensis	413502
Saccharomonospora_0	Saccharomonospora viridis DSM 43017	471857
Corynebacterium_24	Corynebacterium pseudotuberculosis FRC41	765874
Corynebacterium_23	Corynebacterium ureicelerivorans	401472
Bradyrhizobium_3	Bradyrhizobium elkanii USDA 76	398525
Corynebacterium_21	Corynebacterium amycolatum SK46	553204
Bradyrhizobium_1	Bradyrhizobium sp. BTAi1	288000
Alloprevotella_0	Alloprevotella tannerae ATCC 51259	626522
Fusobacterium_10	Fusobacterium periodonticum ATCC 33693	546275
Nocardioides_0	Nocardioides sp. JS614	196162
Aeromicrobium_0	Aeromicrobium marinum DSM 15272	585531
Polaromonas_1	Polaromonas sp. JS666	296591
Polaromonas_0	Polaromonas naphthalenivorans CJ2	365044
Cyanothece_0	Cyanothece sp. CCY0110	391612
Fusobacterium_11	Fusobacterium nucleatum subsp. nucleatum ATCC 23726	525283
Mycobacterium_4	Mycobacterium ulcerans Agy99	362242
Mycobacterium_0	Mycobacterium abscessus	36809
Mycobacterium_1	Mycobacterium avium subsp. avium ATCC 25291	553481
Mycobacterium_2	Mycobacterium tuberculosis 210	164513
Mycobacterium_3	Mycobacterium fortuitum subsp. fortuitum DSM 46621	1214102
Arthrobacter_0	Arthrobacter sp. FB24	290399
Arthrobacter_1	Arthrobacter castelli DSM 16402	1121019
Bifidobacterium_40	Bifidobacterium longum infantis ATCC 15697	1682
Bifidobacterium_41	Bifidobacterium animalis lactis DSM 10140	302911
Bifidobacterium_42	Bifidobacterium thermacidophilum subsp. thermacidophilum DSM 15837	1121111
Bifidobacterium_43	Bifidobacterium thermophilum RBL67	1254439
Bifidobacterium_44	Bifidobacterium bifidum NCIMB 41171	398513
Bifidobacterium_45	Bifidobacterium bifidum S17	883062
Bifidobacterium_46	Bifidobacterium pseudolongum subsp. Pseudolongum DSM 20099	1437595
Bifidobacterium_47	Bifidobacterium longum NCC2705	206672
Bacillus_34	Bacillus cereus AH820	405535
Bacillus_35	Bacillus cereus ATCC 10987	222523
Bacillus_36	Bacillus mycoides DSM 2048	526997
Bacillus_37	Bacillus cereus R309803	526968
Bacillus_30	Bacillus cereus m1550	526969
Bacillus_31	Bacillus thuringiensis Bt407	527021
Bacillus_32	Bacillus thuringiensis serovar huazhongensis BGSC 4BD1	527030
Bacillus_33	Bacillus smithii 7_3_47FAA	665952
Bacillus_38	Bacillus cereus 95/8201	526979
Bacillus_39	Bacillus cereus AH1273	526994
Enterococcus_40	Enterococcus faecalis TX0411	749506
Staphylococcus_45	Staphylococcus aureus A10102	553601
Kytococcus_0	Kytococcus sedentarius DSM 20547	478801
Lachnoclostridium_10	Clostridium cf. saccharolyticum K10	717608
Fusobacterium_14	Fusobacterium gonidiaformans 3-1-5R	469605
Geodermatophilus_0	Geodermatophilus obscurus DSM 43160	526225
Sphingomonas_1	Sphingomonas wittichii RW1	392499
Sphingomonas_0	Sphingomonas sp. SKA58	314266
Alkalilimnicola_0	Alkalilimnicola ehrlichii MLHE-1	187272
Gordonia_2	Gordonia terrae NBRC 100016	1089454
Gordonia_3	Gordonia bronchialis DSM 43247	526226
Gordonia_0	Gordonia terrae C-6	1316928
Gordonia_1	Gordonia rubripertincta NBRC 101908	1077975
Sulfurihydrogenibium_1	Sulfurihydrogenibium sp. YO3AOP1	436114
Sulfurihydrogenibium_0	Sulfurihydrogenibium yellowstonense SS-5	432331
Algoriphagus_0	Algoriphagus sp. PR1	388413
Staphylococcus_37	Staphylococcus aureus subsp. aureus C101	585149
Staphylococcus_36	Staphylococcus epidermidis M23864:W1	525378
Staphylococcus_35	Staphylococcus aureus subsp. aureus TCH70	548475
Staphylococcus_34	Staphylococcus aureus subsp. aureus TCH130	548474
Staphylococcus_33	Staphylococcus pettenkoferi VCU012	904314
Staphylococcus_32	Staphylococcus aureus subsp. aureus C160	585150
Staphylococcus_31	Staphylococcus capitis CR0101	1296619
Staphylococcus_30	Staphylococcus xylosus DMB3-Bh1	1353979
Staphylococcus_39	Staphylococcus aureus subsp. aureus WW2703/97	585161
Staphylococcus_38	Staphylococcus simulans ACS-120-V-Sch1	883166
Methanosphaera_0	Methanosphaera stadtmanae DSM 3091	339860
Erwinia_3	Erwinia tasmaniensis Et1/99	465817
Erwinia_2	Erwinia amylovora CFBP1430	665029
Erwinia_1	Erwinia billingiae Eb661	634500
Erwinia_0	Erwinia pyrifoliae Ep1/96	634499
Erwinia_4	Erwinia amylovora ATCC 49946	716540
Lactobacillus_69	Lactobacillus delbrueckii subsp. bulgaricus PB2003/044-T3-4	784613
Lactobacillus_68	Lactobacillus pentosus KCA1	1136177
Sutterella_2	Sutterella wadsworthensis 2_1_59BFAA	742823
Bacteroides_48	Bacteroides sp. 3_2_5	457392
Sutterella_0	Sutterella parvirubra YIT 11816	762967
Sutterella_1	Sutterella wadsworthensis 3_1_45B	742821
Lactobacillus_61	Lactobacillus fermentum 28-3-CHN	575599
Lactobacillus_60	Lactobacillus johnsonii NCC 533	257314
Lactobacillus_63	Lactobacillus amylolyticus DSM 11664	585524
Lactobacillus_62	Lactobacillus hilgardii ATCC 8290	1423757
Lactobacillus_65	Lactobacillus reuteri JCM 1112	557433
Lactobacillus_64	Lactobacillus salivarius CECT 5713	712961
Lactobacillus_67	Lactobacillus reuteri CF48-3A 	525341
Lactobacillus_66	Lactobacillus coryniformis subsp. coryniformis CECT 5711	1185325
Campylobacter_25	Campylobacter jejuni subsp. jejuni 414	683083
Campylobacter_24	Campylobacter jejuni jejuni NCTC 11168	192222
Campylobacter_21	Campylobacter jejuni subsp. doylei 269.97	360109
Campylobacter_20	Campylobacter jejuni subsp. jejuni 1336	683082
Campylobacter_23	Campylobacter gracilis RM3268	553220
Campylobacter_22	Campylobacter upsaliensis JV21	888826
Kribbella_0	Kribbella flavida DSM 17836	479435
Adlercreutzia_0	Adlercreutzia equolifaciens DSM 19450	1384484
Xylanimonas_0	Xylanimonas cellulosilytica DSM 15894	446471
Succinivibrio_0	Succinivibrio dextrinosolvens H5	1410676
Gardnerella_3	Gardnerella vaginalis AMD	682147
Gardnerella_2	Gardnerella vaginalis ATCC 14019	525284
Gardnerella_1	Gardnerella vaginalis 5-1	682148
Gardnerella_0	Gardnerella vaginalis 409-05	553190
Megamonas_0	Megamonas hypermegale ART12/1	657316
Subdoligranulum_1	Subdoligranulum sp. 4_3_54A2FAA	665956
